,30000,30001,30002,30003,30004,30005,30006,30007,30008,30009,30010,30011,30012,30013,30014,30015,30016,30017,30018,30019,30020,30021,30022,30023,30024,30025,30026,30027,30028,30029,30030,30031,30032,30033,30034,30035,30036,30037,30038,30039,30040,30041,30042,30043,30044,30045,30046,30047,30048,30049,30050,30051,30052,30053,30054,30055,30056,30057,30058,30059,30060,30061,30062,30063,30064
30000,0.0,2.4893705503458743,1.5658091140595707,2.4855236541316694,1.267481128355112,0.30470913342987094,1.3051993265548167,1.034074185908971,2.481677705183261,0.9706524739120214,1.5011126674173696,0.7817589060057952,1.392158389515509,2.8875232754110827,1.6714966834470524,0.9070482494510275,1.9714365933495983,2.2737704226693487,2.1016448042390046,1.1016521760689437,3.0977380157594863,0.7094781440858996,2.540932510889413,2.195558818630083,1.2457980518500633,1.1773771613945476,1.3554362932070283,1.1721047599513623,0.5448144825900301,0.7280254506547483,0.41215821591754376,1.7732826114552906,1.2693548825430119,1.5489034466878324,1.4904919495558977,1.75212661225689,0.6988321484991252,1.2208723000658444,1.5237511835236084,0.7200380093504887,1.2029481144777923,1.6150315003547422,0.9962428379048665,3.3082350592929433,2.84071411613911,1.988238272820945,0.48175699355210555,0.16208174218247673,2.295189469519411,2.078398178097724,0.5827100700826076,0.8457637358352543,1.4829647321424209,0.8821432327002454,2.214186518375409,0.8542446223498931,1.0154293938748737,1.4235282016941986,1.284615028653217,1.6849530474328547,1.8122027721304168,2.5407295825428733,1.605300914344662,1.0491545081057199,2.387463728540419
30001,2.4893705503458743,0.0,0.9435187611030594,4.683516860323389,2.960349760210703,2.6322879350695314,2.769884720135996,2.440262516923277,1.919466824393852,1.7683621180950333,3.1174524572888207,3.100792124580419,2.6975426553959188,3.199994556700364,1.012966621819544,1.6076800610968465,3.2415521721919798,3.1580520592946546,2.4858639364384683,1.3905357387642427,3.6807627848853945,2.9471131866664413,3.132504331644783,1.91412735829191,1.2961455314930372,1.4901884451352196,1.254781841984704,1.3346148193985043,2.6527020275711815,2.5286462354317747,2.5122645012326377,1.1919694968419858,1.5574604465168538,1.7271094425727618,1.0998459039456718,3.207171705227377,2.727158229573068,1.4867540519383358,1.2461084715265351,2.1801320828684303,2.6774671903173015,2.174388321595764,2.684828557962378,3.8142832048842035,3.5914676692223595,0.5016418729720629,2.145772327874387,2.588131686195381,3.346871856802651,2.6703148231398837,2.581024958243898,2.427282989614752,2.807553980916336,2.9915984322151385,2.22781164186502,2.8174627419964655,3.217571044170553,1.3468492461055586,1.257516016428786,3.7667962127341275,2.678225475511766,3.454468134503208,3.5120187848866045,2.0305057375708317,2.6496350160516156
30002,1.5658091140595707,0.9435187611030594,0.0,3.759226794457988,2.0679053031975263,1.7404616682538632,1.9009233871851696,1.5473640193554479,1.625315990740563,1.0236760166096635,2.2464568742395024,2.1573841420031195,1.852047155934632,2.694124405648893,0.33411136951308607,0.667766631178906,2.4497917797191624,2.4615575000622827,1.8736707522751408,0.46780204154968646,3.115311606174566,2.0045792916434935,2.524401487140271,1.4738269380910634,0.5322259019965107,0.791519231336415,0.6043113092853812,0.39550675977359956,1.7103439376412337,1.5973917140360854,1.5687486446121108,0.9367726729612059,0.9471118075929604,1.0061125570804477,0.5184436667173155,2.3722237326756512,1.7894810188685335,0.593105363739175,0.47787040793685276,1.2479827479912262,1.7985082334072033,1.4429172976837938,1.7752129152618534,3.2823920941461258,2.966545497566534,0.4498319658119491,1.2024840017841976,1.6779617989660593,2.6178411455243533,2.0127564686664807,1.6406179637150116,1.5090592783865875,1.96898227600312,2.055477955738916,1.7176969163386901,1.8870257029297004,2.279203647187661,0.8073257845239983,0.508332179736749,2.8477624662790744,1.9378299065587836,2.7715108717956674,2.6111194591390228,1.1446980964218703,2.105540097664496
30003,2.4855236541316694,4.683516860323389,3.759226794457988,0.0,1.7577887866665074,2.5787340215486325,1.9850761230384757,2.2589048720803127,3.6668575834814843,3.4529228506369773,1.668472858474813,1.7071804699320168,2.1018913359059153,3.021784348142189,3.6860090096350158,3.1436124909107086,1.8763801251223398,2.3024095427131264,2.8297123898313896,3.3809287125710927,2.798678640890857,1.815956085720852,2.647754288692604,3.397580595981729,3.63632304073135,3.63337650433698,3.773037292083808,3.399128032342926,2.090700863806467,2.162544403093455,2.256110789971407,4.231374404839065,3.747075758090847,3.0910729716891234,3.8828340194067206,1.723229242950345,1.983068117954082,3.197217888263192,3.459537913822466,2.5116267882034857,2.051031132591866,2.7455338191115097,2.0028695962342,2.968318723819385,2.525655279426728,4.207455213163255,2.6135450862715794,2.5002006804646655,2.0992153733485734,2.628862629782668,2.140885521488784,2.2562373411055856,2.0258757526145956,1.7163646860200685,3.1636130884267355,1.8731172216267127,1.5096805381440357,3.881499511777972,3.6707642236649822,0.9195279670294951,2.3902010533061655,2.276321302729565,1.2133726186362255,2.6642018693883625,2.960978292358842
30004,1.267481128355112,2.960349760210703,2.0679053031975263,1.7577887866665074,0.0,1.530430343165696,0.24423269326500022,0.5215914189694983,2.00194205112727,2.0531010095570186,0.2349126740410305,0.8020393256564512,0.3872764965019496,1.8365382659316445,1.9503124231255105,1.5312209287315484,0.7249133380693444,1.1095250586452985,1.263975179107542,1.7598469871169193,1.9229817545627843,0.6969827385307165,1.441990536680326,1.7107353715206945,2.0670888644768195,2.1446526884985415,2.219637373125744,1.749528177433445,0.7238037235263696,0.5882228971792499,0.8651060524236348,2.7068773193921163,2.302468298648356,1.3339779295970766,2.2962147845302794,0.4875514084408064,0.5719408895593129,1.4814909300680512,1.7192990862634874,0.8759552151818101,0.2932431149960091,1.0213471906847649,0.3186456293012624,2.136940053785397,1.6426395737487969,2.5051637362939463,1.0938792674690767,1.387147334647342,1.070447679288163,1.1260374762134326,0.6912115215495988,0.5874165403580803,0.37285150311684234,0.5074477472193957,1.5414132200931792,0.42310852608509447,0.6289288667249826,2.377343054522397,2.094656221593152,0.8455913446556329,0.82469317471327,1.3274573501356473,0.5538782810856236,0.9304904183380984,1.4930337131194062
30005,0.30470913342987094,2.6322879350695314,1.7404616682538632,2.5787340215486325,1.530430343165696,0.0,1.5903137981898259,1.335088212563408,2.770526915342131,0.9709964818179365,1.760232064402309,0.9266026920378753,1.6848543510897263,3.1898521220276734,1.888180028469114,1.1129923052175954,2.246358802713172,2.565520569472596,2.4063529249027993,1.2733576095175871,3.390939469555595,0.9045330929010877,2.839749409242895,2.4880482626609295,1.3474884479877431,1.2217960985907184,1.4305251205539762,1.3588302670221772,0.810363180696298,1.0201538772476277,0.7023481501005691,1.7924581710047702,1.2704441576046475,1.8353243896776186,1.5781955126174707,2.0179224677266587,0.958928372088204,1.469166469194242,1.762791417989978,1.0225160142027434,1.4923831453978653,1.9185371213903009,1.2786682602298425,3.6023076963598175,3.129814829056478,2.1371810910635824,0.7693172758566722,0.14903161078913096,2.5773102873453295,2.3817392950083156,0.8646999765865769,1.1464320743606824,1.7709236006353182,1.0975930117151609,2.515662559190203,1.1086119523562452,1.184905809762868,1.453956367844248,1.3870197404112352,1.8442048524724768,2.1128706753867044,2.8261655530144787,1.8112403299095594,1.348242892275555,2.692152926304011
30006,1.3051993265548167,2.769884720135996,1.9009233871851696,1.9850761230384757,0.24423269326500022,1.5903137981898259,0.0,0.3741744203082975,1.7580173649209405,1.9958631881345485,0.3477768232680381,0.9764610295394607,0.14816425815434703,1.6653249357940134,1.7569733549446884,1.4137667084508085,0.6779841320557317,0.9804340738706918,1.0357318815497913,1.6318182633263163,1.8063530053642298,0.8441157050850349,1.2837824910787026,1.4665076136232564,1.9530774776164797,2.0570618876391147,2.1083029411529712,1.6085846737481158,0.7860264457855911,0.5798275248522977,0.8930611014666049,2.597240502720822,2.2250866513315253,1.108392203242971,2.171389338744571,0.5026211513906512,0.6524996439922355,1.308412868126512,1.5240389408234687,0.7835085876163699,0.11634347120432662,0.7780500138592793,0.3121290344186321,2.0192384337407048,1.540109008233636,2.328441963454296,1.0422691417210175,1.4423307940688752,0.9902111775337843,0.9150638139732117,0.7257066664076922,0.5093473902861142,0.18413524484970076,0.6800328005370428,1.3017220683685813,0.5359965443370474,0.8424490818786231,2.2796914855963712,1.9774766568935584,1.0810843736269453,0.6121945229769354,1.2361638698291864,0.7724556969621746,0.756522997538331,1.2781173422434111
30007,1.034074185908971,2.440262516923277,1.5473640193554479,2.2589048720803127,0.5215914189694983,1.335088212563408,0.3741744203082975,0.0,1.6658162265290188,1.6337535839261375,0.7058710283729671,0.9456687506165532,0.392180618912207,1.8551389447492255,1.4323444737868467,1.0396951270687431,1.0303860217752914,1.2566165122522353,1.0999929664196908,1.2592709374696098,2.0732768117591127,0.7804382037552335,1.5076999215308697,1.3648596279485645,1.5790346694875033,1.6849640681033948,1.7341805148939708,1.239666638526615,0.5967062983555622,0.3380201661359704,0.6397950784060294,2.223126642823213,1.85509403285006,0.8662567665876864,1.7987139075838725,0.8757512763396725,0.5221830598828803,0.9599063696465651,1.202962467683942,0.41835863320685257,0.2605447286555572,0.6799428357477111,0.26720860107690575,2.2815879068505414,1.827464832236026,1.983596021868925,0.6949795441830326,1.1865286566761655,1.3116183975236064,1.0502190118583183,0.5077504125709306,0.18868756319379015,0.505463404925717,0.6932012810786898,1.2821507860305632,0.4966268295172983,0.9135550290934515,1.905961597801271,1.6036655438443397,1.3395462732611505,0.7781301528225838,1.541258536686238,1.071757706226318,0.40975883765385057,1.3779901630134979
30008,2.481677705183261,1.919466824393852,1.625315990740563,3.6668575834814843,2.00194205112727,2.770526915342131,1.7580173649209405,1.6658162265290188,0.0,2.4914072777156884,2.0171358004561095,2.611266071351308,1.6161463927631003,1.3223046106298801,1.2912313411568588,1.8094767478927063,1.8379669168251354,1.5412457260934285,0.8617708323259594,1.8254815678615797,1.8297590799901113,2.4446066052103093,1.3685815309678717,0.301011661990278,2.091325321683923,2.339731042407954,2.205250290960842,1.7212013153690426,2.224449629447106,1.9729694682389824,2.1984363399751548,2.555598451964937,2.521115608234531,0.9356355601707464,2.141734559101433,1.9465475971719082,2.1819287300504904,1.3947152933498457,1.2136963496921758,1.7814777125798589,1.741684723565392,0.9963380749877127,1.9084050915235047,1.9334175399366151,1.8095439895149739,1.7649430561371917,2.0021568644498733,2.6420891698814324,1.7690223638841096,1.0795202906316588,2.1277875774195767,1.8052116661135673,1.6636779970986362,2.3520926780068563,0.5141500279358266,2.1592507782781523,2.5600038920898145,2.4184898456707518,2.0822810760517907,2.8109834399264138,1.278170416163383,1.7726515053332481,2.4789244541180553,1.4465613283393957,0.8652472502781392
30009,0.9706524739120214,1.7683621180950333,1.0236760166096635,3.4529228506369773,2.0531010095570186,0.9709964818179365,1.9958631881345485,1.6337535839261375,2.4914072777156884,0.0,2.281888081621556,1.745859655123818,2.024215686886735,3.297261502923715,1.2969489712463744,0.7170734848110828,2.6641255185631025,2.846585656999866,2.446168358124677,0.6682191136774168,3.6232830760030557,1.6502195936203041,3.026312519311741,2.267221378310486,0.5013516164979485,0.27907259542896556,0.5136831851335759,0.7751253885392382,1.4115416625687087,1.465935949560578,1.2409683165364742,0.8215799632285754,0.301944106323741,1.6351282001275793,0.6689059107713827,2.4950339479130497,1.5531884008128447,1.11028027648899,1.2892400290175425,1.2155136115306828,1.879673063304451,1.9331514389216684,1.7375020097588472,3.818762055758883,3.4101122873163323,1.308783977217622,0.9601895783640062,0.9901962699308026,2.9339516444214455,2.5082345056684097,1.39723718755592,1.488329879524471,2.139167956298137,1.7922803910582248,2.4184782030701535,1.702134171478672,1.9617956170387743,0.48608716391139056,0.53414100135051,2.624535700671311,2.318409137507895,3.148006126896432,2.495408329338239,1.3844998076023658,2.7239593555840647
30010,1.5011126674173696,3.1174524572888207,2.2464568742395024,1.668472858474813,0.2349126740410305,1.760232064402309,0.3477768232680381,0.7058710283729671,2.0171358004561095,2.281888081621556,0.0,0.9873559661344994,0.4382000264059002,1.696307404391513,2.104499167962627,1.7390293980545115,0.5187385204871084,0.9432855202140185,1.2214264782456201,1.9629922177467907,1.7353423049773589,0.9040484598267079,1.294032874312873,1.737788339976525,2.277507262717992,2.365407416024672,2.4314424994126815,1.9455033210762707,0.9567102183901985,0.8200825014922976,1.099943869059577,2.9199107042999235,2.5265480252647206,1.443761124473925,2.5017734085277006,0.26554657132792037,0.803745106947985,1.6546251271809211,1.871472491645414,1.0907748277056526,0.4484714043138115,1.0772186952320901,0.5443926996791743,1.948599662668439,1.4483101943985757,2.6757261718416983,1.3217534723908253,1.6182008070162777,0.8713416217518668,1.0529913059114642,0.9260840291792503,0.8033350299283056,0.3579209185107943,0.7057799829966459,1.53022305141773,0.6516483936701876,0.7764851459553886,2.5948516140320654,2.3036681335940123,0.7944516856450906,0.7682962043051259,1.1301062240531161,0.46230280246819055,1.1017845378468212,1.4178579665497621
30011,0.7817589060057952,3.100792124580419,2.1573841420031195,1.7071804699320168,0.8020393256564512,0.9266026920378753,0.9764610295394607,0.9456687506165532,2.611266071351308,1.745859655123818,0.9873559661344994,0.0,1.1168124831111963,2.6337529804779582,2.164266423587747,1.501048115333199,1.5060582453662867,1.9111816768895062,1.992571588604044,1.7324580842368633,2.7195265295603224,0.17112015460679364,2.2424952226967947,2.3102641269715427,1.9534751634440484,1.930506626487781,2.08232428746558,1.7711607783517649,0.4547522129958616,0.6567419591023517,0.589302071376454,2.5294077112949775,2.040071849727808,1.7694638290869165,2.201894069840117,1.2511695399379976,0.4360326780286445,1.663889787032065,1.9638807063825947,0.9598601684508676,0.9310953718613111,1.6232843678870335,0.7212958269832114,2.9332458189717228,2.4347480276123883,2.6046123564170993,0.958010747952263,0.8195738654643316,1.8582801905732156,1.8895429223801579,0.5401412075906827,0.8177906100915321,1.1507599252477327,0.29773173349811793,2.2160802936289046,0.461594123772021,0.26447905716364734,2.1788102005513146,1.9898276864119848,0.9181726035997699,1.5875460311874754,2.116983605907939,0.9083279429474199,1.2362829296326447,2.2487823333621595
30012,1.392158389515509,2.6975426553959188,1.852047155934632,2.1018913359059153,0.3872764965019496,1.6848543510897263,0.14816425815434703,0.392180618912207,1.6161463927631003,2.024215686886735,0.4382000264059002,1.1168124831111963,0.0,1.5378193539651988,1.6858083361880996,1.4076535827832444,0.6420868293281083,0.8816129866593411,0.8879914059107511,1.6155132530686926,1.7061870996931405,0.9785615255106612,1.1647700702884123,1.3270393423389415,1.9442617524882713,2.0656032880609034,2.1003661414032493,1.5827622484568822,0.8931683694371886,0.6649222036174545,0.9827582704922465,2.588097239980692,2.239293389228154,1.0070088763711198,2.153485782398006,0.5204274017992616,0.7703289107180721,1.2595520356997374,1.4526251026121284,0.8098297974246355,0.19786339508546344,0.6466337983576542,0.42358586751087957,1.9174579523966149,1.449571172061637,2.2693328295016904,1.086249029860678,1.5359760039136081,0.9209254635394541,0.772732246402659,0.8233244465934838,0.5618418824117098,0.11991162791612023,0.8221689029041691,1.1548264837140725,0.6673898461228795,0.9900131805238443,2.2802056237897363,1.9662463332198412,1.2084550304203008,0.47120804873368655,1.155519806071418,0.8892555159414035,0.7191001626020553,1.13345501870566
30013,2.8875232754110827,3.199994556700364,2.694124405648893,3.021784348142189,1.8365382659316445,3.1898521220276734,1.6653249357940134,1.8551389447492255,1.3223046106298801,3.297261502923715,1.696307404391513,2.6337529804779582,1.5378193539651988,0.0,2.3878417862346804,2.584904393370255,1.2313617771171417,0.7672820214648648,0.852536194078422,2.707260420287841,0.5148289012488453,2.5089452491330113,0.4043302558889087,1.2872410538891224,3.0337635939865315,3.2382778234566874,3.1777460049381685,2.6259899787926813,2.4250628237354235,2.181059662864951,2.4935455454952393,3.6131153189652405,3.427816896037289,1.7141576636840583,3.163914428312321,1.473240793958785,2.3078832691731552,2.2388243408277733,2.2180375352667947,2.2034660790352807,1.7353008288916885,1.3643647228059368,1.9611841192513169,0.6150996438543999,0.5922216681128594,2.9579565238675367,2.492852606507073,3.041497751337414,0.9318117167391126,0.8124550780146841,2.347808534116407,2.0438093120139467,1.4851436197640173,2.336116676310748,0.9880848725953659,2.2011448730539716,2.4601327708587424,3.3899550909599125,3.0391579854241106,2.373666797224978,1.0801652880894692,0.750885010477382,2.05608961778668,1.9356420376393386,0.590030228535309
30014,1.6714966834470524,1.012966621819544,0.33411136951308607,3.6860090096350158,1.9503124231255105,1.888180028469114,1.7569733549446884,1.4323444737868467,1.2912313411568588,1.2969489712463744,2.104499167962627,2.164266423587747,1.6858083361880996,2.3878417862346804,0.0,0.7751895783337639,2.2460433766843666,2.2095302164026998,1.5864372280672334,0.6563673987472016,2.82450354573782,2.001101796839807,2.2418050420663107,1.1466389481088974,0.833593052767186,1.0930193402808017,0.9272963216545096,0.5521007912448014,1.7095387565995117,1.5516360531613904,1.5902846996919417,1.267769571536685,1.2612079007088561,0.7461625679751368,0.8517276392453919,2.198346508868584,1.7619547161462839,0.5016903675272812,0.23327113477521264,1.211363288389964,1.665457095929202,1.1972097037293972,1.6832313873594353,2.984436521566289,2.6916575235690017,0.6052763727854559,1.2451576891865221,1.803460232518707,2.38104937833737,1.7420493532078247,1.6278324104753106,1.4346921581165766,1.7970988403423869,2.0192869649454432,1.4038651252879237,1.8356661230554965,2.249360651534917,1.1358320619322142,0.8167433989899003,2.766949156876526,1.7021426102504473,2.515850443784249,2.5032712083769404,1.0233358030790964,1.8029382987707374
30015,0.9070482494510275,1.6076800610968465,0.667766631178906,3.1436124909107086,1.5312209287315484,1.1129923052175954,1.4137667084508085,1.0396951270687431,1.8094767478927063,0.7170734848110828,1.7390293980545115,1.501048115333199,1.4076535827832444,2.584904393370255,0.7751895783337639,0.0,2.0464172824738234,2.17318533834305,1.732675642705661,0.23739999615671156,2.9270795813326385,1.354944002997283,2.3272697656630155,1.5673287302756234,0.5393466328023139,0.6727238172182303,0.6945895784965024,0.2731212569706801,1.0636837604727933,0.9928835202881849,0.9121214202517536,1.183492365669985,0.8574805630863083,0.9220490490730355,0.765212173243896,1.913772818467255,1.1606004917434691,0.4151667690573236,0.6674904699969948,0.6580094119475534,1.2999506841135862,1.2231976823102069,1.2171459011735382,3.1181212896240256,2.7269784213622748,1.1076354964246613,0.5431273779057171,1.0314204320098843,2.282996795600604,1.8053958161976749,1.0040334129387296,0.9446520386876012,1.52721531086904,1.4276327623389151,1.7031526498909721,1.27701560852709,1.642901022463982,0.873672213278545,0.5646596701245356,2.247479217935746,1.6376895451028581,2.4806680315824527,2.045112703214509,0.7089604569984205,2.0083568513095886
30016,1.9714365933495983,3.2415521721919798,2.4497917797191624,1.8763801251223398,0.7249133380693444,2.246358802713172,0.6779841320557317,1.0303860217752914,1.8379669168251354,2.6641255185631025,0.5187385204871084,1.5060582453662867,0.6420868293281083,1.2313617771171417,2.2460433766843666,2.0464172824738234,0.0,0.46433975222597007,0.9780769703838116,2.2485260693474896,1.2193234547462355,1.4178598437734409,0.8285581533511095,1.5998452427342473,2.5805097819174097,2.7072874842204353,2.736741685770792,2.2090463707250123,1.4360089966721357,1.253901665450217,1.5605616926504275,3.222995073869345,2.8813738406854053,1.5146016137097509,2.7835034753393093,0.2587113402735174,1.288967600769447,1.8651691627311133,2.0172992195932755,1.4486344175643908,0.7913329121843399,1.0728856875179356,0.9767576465624077,1.431919249104908,0.9302615397434041,2.845840285161607,1.7173831468165062,2.1006201722527025,0.3531005497196653,0.7653257408333239,1.3887265250551701,1.1851224416702701,0.5251762891340039,1.221971433087236,1.3241312236953122,1.1459429913607326,1.2908396449210318,2.919882119516822,2.6011461258658697,1.145238850493869,0.5903916166099614,0.6117440012966863,0.8247491464320605,1.3468653968426847,1.0847034911898406
30017,2.2737704226693487,3.1580520592946546,2.4615575000622827,2.3024095427131264,1.1095250586452985,2.565520569472596,0.9804340738706918,1.2566165122522353,1.5412457260934285,2.846585656999866,0.9432855202140185,1.9111816768895062,0.8816129866593411,0.7672820214648648,2.2095302164026998,2.17318533834305,0.46433975222597007,0.0,0.7053488741528018,2.345689785933397,0.8261576307406748,1.802293142555325,0.36425513372140794,1.3536450505492754,2.6832565886085664,2.845904275301419,2.837392251348755,2.2868988863864663,1.7660628243448975,1.546274246891162,1.8639500134227085,3.3104145966648244,3.029516971567652,1.4645212372222187,2.859533140746364,0.708134929187997,1.6320946140047226,1.9118611996893893,1.9962453723533853,1.6578448138983977,1.0732912388870475,1.0187541243830929,1.2917787791576931,1.0388172463275704,0.5709451082504063,2.8140486548997643,1.9457237236209826,2.416802341663133,0.23022018951016635,0.49568724605578973,1.7018720515720003,1.4378809851457026,0.7969469918948235,1.6168452715280832,1.0398891506953067,1.5062970049701454,1.717568180149475,3.0360679917777706,2.6978154418034417,1.6086975312052896,0.5369629138184556,0.3112123088253302,1.2888995630627156,1.4676019629044532,0.7039749400702552
30018,2.1016448042390046,2.4858639364384683,1.8736707522751408,2.8297123898313896,1.263975179107542,2.4063529249027993,1.0357318815497913,1.0999929664196908,0.8617708323259594,2.446168358124677,1.2214264782456201,1.992571588604044,0.8879914059107511,0.852536194078422,1.5864372280672334,1.732675642705661,0.9780769703838116,0.7053488741528018,0.0,1.8566005886687384,1.2416428656821605,1.8429158526186111,0.6558685797803724,0.6493694385497504,2.185488836552762,2.3863864475795737,2.33154245063298,1.7776592065792356,1.6958226829226684,1.4379890098462367,1.7315859779378742,2.776630284933823,2.5758221126884617,0.8741803539212794,2.325002234377612,1.1074647993505156,1.6052026918006974,1.389988260637866,1.395997021392596,1.3925342290499885,1.062345926321784,0.5165916680017681,1.2740921891122103,1.4127001243986994,1.1102918522392315,2.1798142594985825,1.6750324260569378,2.260959125524754,0.9245202973221577,0.21903019729188417,1.6077423839167344,1.2818419040858953,0.8944577103863514,1.7034117549485026,0.34783882303986674,1.5328236021170893,1.8780041766486137,2.5423079197769294,2.1922709331877415,2.009316781285916,0.45319530823704196,0.9785907491488848,1.6721140214689867,1.0999409861448146,0.28776254619899566
30019,1.1016521760689437,1.3905357387642427,0.46780204154968646,3.3809287125710927,1.7598469871169193,1.2733576095175871,1.6318182633263163,1.2592709374696098,1.8254815678615797,0.6682191136774168,1.9629922177467907,1.7324580842368633,1.6155132530686926,2.707260420287841,0.6563673987472016,0.23739999615671156,2.2485260693474896,2.345689785933397,1.8566005886687384,0.0,3.0752129824447887,1.589089232377867,2.4745258764076334,1.6103869030149742,0.33756792643962497,0.5348365496706395,0.49232495564149836,0.10814725568423798,1.29908652672471,1.2293199354367441,1.144798754257672,0.9747264165111965,0.7242690047894916,1.0036180768396539,0.5395717281172393,2.128180061773955,1.3978772675638553,0.47063138548305267,0.6213639572827188,0.8910461758224523,1.5197415498762765,1.362481072392924,1.4481840165505917,3.2600497132316066,2.8889570760288317,0.8888954988347509,0.7762557568165295,1.2105015295913815,2.468840522140713,1.950875277637241,1.2409678352138103,1.1753281567323475,1.7354241867639224,1.6648293269478607,1.7855127707661056,1.5141613401016962,1.8792671127086569,0.6922293672060829,0.3538856903083411,2.4846107977676772,1.8087496337328253,2.6557041252437017,2.2792227743967186,0.9018745694241518,2.121907905760367
30020,3.0977380157594863,3.6807627848853945,3.115311606174566,2.798678640890857,1.9229817545627843,3.390939469555595,1.8063530053642298,2.0732768117591127,1.8297590799901113,3.6232830760030557,1.7353423049773589,2.7195265295603224,1.7061870996931405,0.5148289012488453,2.82450354573782,2.9270795813326385,1.2193234547462355,0.8261576307406748,1.2416428656821605,3.0752129824447887,0.0,2.61952348607815,0.6007423084146533,1.7683861273201484,3.409487703221507,3.595204725943269,3.5590849549125676,3.00345872501036,2.5921681605194964,2.37110427813904,2.68894512369732,4.013355800177037,3.7827962725995445,2.1138481581018973,3.560821143619847,1.4779687968623128,2.457304660318141,2.617076129799632,2.6376015787048126,2.462830954055897,1.8991511725522163,1.7127608993567003,2.117893953161178,0.21396589580556566,0.29556791281637557,3.410619982248064,2.7533636235701073,3.2421113976298015,0.866932861360112,1.124386296988717,2.5278081686595746,2.257632732084493,1.6230579592671435,2.429395712357103,1.4533901768751698,2.3287404930472264,2.5100174957079386,3.7663826653264056,3.4190987160498594,2.284363793610221,1.31290758853163,0.6106218934545622,2.0020980161198856,2.2394100081831896,1.032905772088138
30021,0.7094781440858996,2.9471131866664413,2.0045792916434935,1.815956085720852,0.6969827385307165,0.9045330929010877,0.8441157050850349,0.7804382037552335,2.4446066052103093,1.6502195936203041,0.9040484598267079,0.17112015460679364,0.9785615255106612,2.5089452491330113,2.001101796839807,1.354944002997283,1.4178598437734409,1.802293142555325,1.8429158526186111,1.589089232377867,2.61952348607815,0.0,2.123354350722006,2.1436054005480956,1.8246098574648646,1.8184027218195284,1.9584514565779294,1.6223790587563807,0.29447217919636426,0.4856491738721385,0.44557707731312857,2.415759153270229,1.9384171401230998,1.5984346833951593,2.0723515288173195,1.1695049160418904,0.265436484642332,1.4999119262763965,1.7979509448022124,0.7930463940028899,0.7868566378206797,1.4597974661380637,0.568846634320947,2.8334889194097252,2.339591787067771,2.4531980697992797,0.812857021240437,0.7792748034369035,1.7664487734788474,1.7493993110608015,0.3736131905336338,0.6473713044201094,1.023983152158569,0.2011424282488723,2.0566904648098436,0.3118558396891394,0.31158212259381923,2.0662756608036057,1.8599849585032093,0.9780283139560187,1.4494757941101895,2.024018343893351,0.9073349135127022,1.065249197964546,2.1045066154950316
30022,2.540932510889413,3.132504331644783,2.524401487140271,2.647754288692604,1.441990536680326,2.839749409242895,1.2837824910787026,1.5076999215308697,1.3685815309678717,3.026312519311741,1.294032874312873,2.2424952226967947,1.1647700702884123,0.4043302558889087,2.2418050420663107,2.3272697656630155,0.8285581533511095,0.36425513372140794,0.6558685797803724,2.4745258764076334,0.6007423084146533,2.123354350722006,0.0,1.2436800494184923,2.8090050513573512,2.9946964435157466,2.958909755157912,2.403281115105697,2.0577363457222564,1.8220993584618035,2.138509392880522,3.4153139145864064,3.1824465869864857,1.5196644426661963,2.962580803450304,1.0689132135713006,1.9334459835723619,2.0173133206718115,2.047679457665655,1.8817610486635674,1.3624172779439585,1.1121375123737565,1.5873599075854443,0.7925192520000016,0.45929181041166883,2.83560320241596,2.1729701436925697,2.690770559170455,0.5485660254090707,0.5236585762999102,1.9853553841872629,1.6953816101767782,1.1008154939851402,1.945506561773295,0.9184054384534793,1.8190514123284525,2.0617026616378236,3.165836208901646,2.818880337011769,1.9727909341920327,0.7320010417866466,0.4304557356657206,1.6529064451987936,1.644275418124216,0.5063761390614533
30023,2.195558818630083,1.91412735829191,1.4738269380910634,3.397580595981729,1.7107353715206945,2.4880482626609295,1.4665076136232564,1.3648596279485645,0.301011661990278,2.267221378310486,1.737788339976525,2.3102641269715427,1.3270393423389415,1.2872410538891224,1.1466389481088974,1.5673287302756234,1.5998452427342473,1.3536450505492754,0.6493694385497504,1.6103869030149742,1.7683861273201484,2.1436054005480956,1.2436800494184923,0.0,1.8991999673402604,2.1377380942181063,2.0246618710534934,1.5106224182144483,1.9248998137166158,1.672608572665047,1.902339292198432,2.410480127778375,2.3236503510892534,0.6621962503567869,1.978348471670994,1.6856408075867653,1.8810204295743538,1.1580751978422397,1.02396359847847,1.4889061686681189,1.4455345031035776,0.6979089369711909,1.6085405319707446,1.9005872575605072,1.7006840231933327,1.6837495846810244,1.718734672515071,2.356757281160044,1.5738787136658385,0.8661735612433983,1.8283448206418147,1.5047669246547062,1.3814387971135835,2.051848327214844,0.325514380823192,1.8586246259167685,2.260977127499873,2.2401151172855553,1.8947300637450308,2.5291815847322603,1.0213679901362704,1.6148649806243394,2.2000805765516165,1.1535697890644574,0.7437506256822124
30024,1.2457980518500633,1.2961455314930372,0.5322259019965107,3.63632304073135,2.0670888644768195,1.3474884479877431,1.9530774776164797,1.5790346694875033,2.091325321683923,0.5013516164979485,2.277507262717992,1.9534751634440484,1.9442617524882713,3.0337635939865315,0.833593052767186,0.5393466328023139,2.5805097819174097,2.6832565886085664,2.185488836552762,0.33756792643962497,3.409487703221507,1.8246098574648646,2.8090050513573512,1.8991999673402604,0.0,0.26045365276369986,0.1562328475183097,0.40787056959858436,1.5457104779339619,1.5138604802310895,1.3808079352231406,0.6443672742800485,0.4307470764341711,1.3223536869952048,0.2484729958302768,2.4526993948962597,1.6611709610375605,0.7955009587938447,0.8792493338856158,1.1913652890850643,1.8392938955990306,1.6969221192901072,1.7510007002065422,3.5926011634908384,3.2257797879099583,0.8176169579844453,1.0253608909633751,1.3204585368223138,2.805503286955166,2.2855048184941977,1.5007362299018312,1.479697360047894,2.064049792929332,1.9241190459230615,2.0965722564439258,1.7898755206549433,2.1268888153524355,0.35708802463855654,0.039545226293870264,2.756435849404006,2.1463175417925022,2.9932620551890623,2.571268748358527,1.2355371266797732,2.44616730100253
30025,1.1773771613945476,1.4901884451352196,0.791519231336415,3.63337650433698,2.1446526884985415,1.2217960985907184,2.0570618876391147,1.6849640681033948,2.339731042407954,0.27907259542896556,2.365407416024672,1.930506626487781,2.0656032880609034,3.2382778234566874,1.0930193402808017,0.6727238172182303,2.7072874842204353,2.845904275301419,2.3863864475795737,0.5348365496706395,3.595204725943269,1.8184027218195284,2.9946964435157466,2.1377380942181063,0.26045365276369986,0.0,0.23559479219806426,0.6282821623535959,1.5574453382177904,1.5689558827414036,1.3870694303409024,0.5989539167239304,0.18972110877044504,1.5384112989362324,0.3903565446742214,2.559680799090703,1.6878590759728125,1.005236595055976,1.1260392792004004,1.276176586031732,1.9411599123806103,1.8852593605622088,1.8260074944170022,3.7836275613068784,3.3989528966167737,1.037180718741009,1.0612072188037391,1.2220908931993404,2.95336522168133,2.471565877780396,1.527605077841577,1.5621486455945222,2.1840332998914866,1.9411554128647561,2.32014852746205,1.8282914523209808,2.1280123911277626,0.24830745615119862,0.28355452661901476,2.7783522018280915,2.310347127045976,3.153225836659956,2.6211612057473688,1.3804508079586284,2.654614028394949
30026,1.3554362932070283,1.254781841984704,0.6043113092853812,3.773037292083808,2.219637373125744,1.4305251205539762,2.1083029411529712,1.7341805148939708,2.205250290960842,0.5136831851335759,2.4314424994126815,2.08232428746558,2.1003661414032493,3.1777460049381685,0.9272963216545096,0.6945895784965024,2.736741685770792,2.837392251348755,2.33154245063298,0.49232495564149836,3.5590849549125676,1.9584514565779294,2.958909755157912,2.0246618710534934,0.1562328475183097,0.23559479219806426,0.0,0.5556329154155215,1.6839704054853306,1.6620301565785207,1.51703630753532,0.48895060421119957,0.34832737143295284,1.4641799718830157,0.1553346374998774,2.6082971993404933,1.803536423459401,0.9425553817082071,1.0008652257536932,1.3436842781074916,1.9942948709511157,1.847242134536987,1.9028825615249785,3.7407146838570853,3.3781134728643916,0.8044312767802897,1.1676976331031244,1.417177139300004,2.9610316733517164,2.435697253654951,1.642755027309272,1.6322459827135685,2.220136459779703,2.0645999398529757,2.2325662709629936,1.9351789220247755,2.2634115675350412,0.21562444468596914,0.140111360556773,2.899107169714206,2.300532830435583,3.1476199806591825,2.7197746430460294,1.3916781066350117,2.58910898754606
30027,1.1721047599513623,1.3346148193985043,0.39550675977359956,3.399128032342926,1.749528177433445,1.3588302670221772,1.6085846737481158,1.239666638526615,1.7212013153690426,0.7751253885392382,1.9455033210762707,1.7711607783517649,1.5827622484568822,2.6259899787926813,0.5521007912448014,0.2731212569706801,2.2090463707250123,2.2868988863864663,1.7776592065792356,0.10814725568423798,3.00345872501036,1.6223790587563807,2.403281115105697,1.5106224182144483,0.40787056959858436,0.6282821623535959,0.5556329154155215,0.0,1.3294761949004354,1.239092188188968,1.1818627517673916,1.023946308677473,0.8161825150517911,0.915874499336739,0.5760187195477721,2.0996624884274047,1.4188220754699947,0.3876906097740213,0.5141148435829724,0.8936108462820569,1.4988773687403323,1.2917289850842955,1.4430708269305697,3.185493008612954,2.823795416263397,0.8349391645434769,0.8134357255377713,1.2886277787226947,2.417564433020005,1.8801126433726179,1.2652361600511304,1.171041864105118,1.7024669479289596,1.686082980445806,1.6939697447998467,1.527172708268952,1.9052720391454037,0.7646743711389569,0.41564919954220647,2.4958505485226525,1.7507199466843364,2.5977087353867354,2.278536283475496,0.8641606331222532,2.038687040760795
30028,0.5448144825900301,2.6527020275711815,1.7103439376412337,2.090700863806467,0.7238037235263696,0.810363180696298,0.7860264457855911,0.5967062983555622,2.224449629447106,1.4115416625687087,0.9567102183901985,0.4547522129958616,0.8931683694371886,2.4250628237354235,1.7095387565995117,1.0636837604727933,1.4360089966721357,1.7660628243448975,1.6958226829226684,1.29908652672471,2.5921681605194964,0.29447217919636426,2.0577363457222564,1.9248998137166158,1.5457104779339619,1.5574453382177904,1.6839704054853306,1.3294761949004354,0.0,0.25980611622530586,0.1711015852594504,2.15049334203044,1.689394303860881,1.3446267510172785,1.7921451521577414,1.210128457135699,0.15434611860684577,1.2091681523417994,1.5098299072247967,0.5079154838941476,0.6960940636497229,1.2640195234523535,0.47428506198909065,2.804834135162381,2.325505739025152,2.159177037673024,0.5244606397779485,0.6649244312137261,1.7682280725885113,1.6334776699269458,0.09687697889370782,0.42528266039524476,0.969117546845621,0.3837652080383954,1.8720565245870657,0.31054519104067557,0.5820849136656289,1.8035295091895345,1.5800644603744378,1.2209154726503153,1.3460158026000695,2.018813436600215,1.0878789190763087,0.8044983870057998,1.971302737266355
30029,0.7280254506547483,2.5286462354317747,1.5973917140360854,2.162544403093455,0.5882228971792499,1.0201538772476277,0.5798275248522977,0.3380201661359704,1.9729694682389824,1.465935949560578,0.8200825014922976,0.6567419591023517,0.6649222036174545,2.181059662864951,1.5516360531613904,0.9928835202881849,1.253901665450217,1.546274246891162,1.4379890098462367,1.2293199354367441,2.37110427813904,0.4856491738721385,1.8220993584618035,1.672608572665047,1.5138604802310895,1.5689558827414036,1.6620301565785207,1.239092188188968,0.25980611622530586,0.0,0.3178668494876632,2.144172755417727,1.7207973445723224,1.1128492418587907,1.7523364812131323,1.0508735131031859,0.22205719488503498,1.0515472517705073,1.337801768107146,0.34942482950498593,0.47506792251766156,1.0052717986841773,0.28033777080675637,2.582246143821827,2.1127003814840366,2.04644152727048,0.5096530408787671,0.8712018836962591,1.5696945901963308,1.3824786225684615,0.16986049002394193,0.16797368801964818,0.7552959859702606,0.4677262817345124,1.6127068068501975,0.28963591302987496,0.6983378240649504,1.8069892125505551,1.544484805186377,1.256844202378057,1.1009201188818345,1.813333207257769,1.057745390221495,0.5809500827061046,1.715266472410752
30030,0.41215821591754376,2.5122645012326377,1.5687486446121108,2.256110789971407,0.8651060524236348,0.7023481501005691,0.8930611014666049,0.6397950784060294,2.1984363399751548,1.2409683165364742,1.099943869059577,0.589302071376454,0.9827582704922465,2.4935455454952393,1.5902846996919417,0.9121214202517536,1.5605616926504275,1.8639500134227085,1.7315859779378742,1.144798754257672,2.68894512369732,0.44557707731312857,2.138509392880522,1.902339292198432,1.3808079352231406,1.3870694303409024,1.51703630753532,1.1818627517673916,0.1711015852594504,0.3178668494876632,0.0,1.9810274370789829,1.5182935007844915,1.2917932127052365,1.6280799873903944,1.345540161132396,0.3152215335098889,1.095284301403701,1.401173184159749,0.42782710120014644,0.7916514709190862,1.2700234190534918,0.5844175808134028,2.900112972762938,2.4297325969739743,2.015465178725916,0.3690019357946076,0.5533658920784232,1.8830351540074675,1.6900126401700724,0.1739802597404366,0.4522032925998918,1.0713256928928665,0.5545931642987629,1.8786603328085416,0.4694763110443428,0.7464305220904377,1.633502918166137,1.4157634823657164,1.3915137352454658,1.414230604346261,2.1287909420934334,1.2563730341094077,0.7549165182171397,2.0134384340605425
30031,1.7732826114552906,1.1919694968419858,0.9367726729612059,4.231374404839065,2.7068773193921163,1.7924581710047702,2.597240502720822,2.223126642823213,2.555598451964937,0.8215799632285754,2.9199107042999235,2.5294077112949775,2.588097239980692,3.6131153189652405,1.267769571536685,1.183492365669985,3.222995073869345,3.3104145966648244,2.776630284933823,0.9747264165111965,4.013355800177037,2.415759153270229,3.4153139145864064,2.410480127778375,0.6443672742800485,0.5989539167239304,0.48895060421119957,1.023946308677473,2.15049334203044,2.144172755417727,1.9810274370789829,0.0,0.5233025719014146,1.902688143421643,0.45281633627751405,3.097062615269638,2.2764943156055852,1.4015141935356161,1.3999813658547937,1.8310670070508142,2.4832434590091186,2.3082047478318772,2.389511248591182,4.189283642024928,3.8430858648212127,0.8963258950099308,1.6432643750760159,1.8081100911251191,3.4407583822479806,2.894305917436062,2.115678577252009,2.1196878851145606,2.7079382131184984,2.5335755132099633,2.6470945230629255,2.4125689964550694,2.7245351922099776,0.3507412566211162,0.62195917087104,3.3704013860746054,2.774531832570223,3.6213587858902914,3.2013110777150113,1.8765743664082895,3.0230898079422612
30032,1.2693548825430119,1.5574604465168538,0.9471118075929604,3.747075758090847,2.302468298648356,1.2704441576046475,2.2250866513315253,1.85509403285006,2.521115608234531,0.301944106323741,2.5265480252647206,2.040071849727808,2.239293389228154,3.427816896037289,1.2612079007088561,0.8574805630863083,2.8813738406854053,3.029516971567652,2.5758221126884617,0.7242690047894916,3.7827962725995445,1.9384171401230998,3.1824465869864857,2.3236503510892534,0.4307470764341711,0.18972110877044504,0.34832737143295284,0.8161825150517911,1.689394303860881,1.7207973445723224,1.5182935007844915,0.5233025719014146,0.0,1.7278868500293092,0.4812686517585711,2.7274140938761904,1.8259155858676908,1.1948026138940724,1.307934934824681,1.4419048501038996,2.1088591250273474,2.0738186152289626,1.9842649946631667,3.9719076828632627,3.584453573007092,1.1368644761264448,1.2111455295473843,1.2921389018396308,3.1332811058433587,2.659559757515768,1.667235318704872,1.7248143093826578,2.35699499843963,2.0724961253292684,2.5091870792870266,1.9708109288373707,2.249744818992456,0.21414040958881553,0.4445247979294394,2.9080956974262326,2.494717418672484,3.3360159019158893,2.765231334311181,1.562567247698689,2.8443136179481563
30033,1.5489034466878324,1.7271094425727618,1.0061125570804477,3.0910729716891234,1.3339779295970766,1.8353243896776186,1.108392203242971,0.8662567665876864,0.9356355601707464,1.6351282001275793,1.443761124473925,1.7694638290869165,1.0070088763711198,1.7141576636840583,0.7461625679751368,0.9220490490730355,1.5146016137097509,1.4645212372222187,0.8741803539212794,1.0036180768396539,2.1138481581018973,1.5984346833951593,1.5196644426661963,0.6621962503567869,1.3223536869952048,1.5384112989362324,1.4641799718830157,0.915874499336739,1.3446267510172785,1.1128492418587907,1.2917932127052365,1.902688143421643,1.7278868500293092,0.0,1.4515491395027216,1.4947415794641392,1.3336921340530932,0.5333151610842163,0.5330445312320017,0.8653450041679148,1.0410399362295215,0.45166718717540094,1.13312419313852,2.2868569746149783,1.9604510059728482,1.351417898291752,1.0679939543747374,1.7084637922386319,1.6351425935970498,1.0067238714652813,1.2484898294970486,0.9535358531425682,1.1059726631341882,1.5484705423922678,0.7844212140759876,1.350701792142823,1.7747537944925673,1.6773033393690113,1.3261761887947854,2.178861277027357,0.9573473047931441,1.7721795817523485,1.8803326860210496,0.5406354189617509,1.1250057789874657
30034,1.4904919495558977,1.0998459039456718,0.5184436667173155,3.8828340194067206,2.2962147845302794,1.5781955126174707,2.171389338744571,1.7987139075838725,2.141734559101433,0.6689059107713827,2.5017734085277006,2.201894069840117,2.153485782398006,3.163914428312321,0.8517276392453919,0.765212173243896,2.7835034753393093,2.859533140746364,2.325002234377612,0.5395717281172393,3.560821143619847,2.0723515288173195,2.962580803450304,1.978348471670994,0.2484729958302768,0.3903565446742214,0.1553346374998774,0.5760187195477721,1.7921451521577414,1.7523364812131323,1.6280799873903944,0.45281633627751405,0.4812686517585711,1.4515491395027216,0.0,2.667396322129575,1.9052439451674887,0.9491444495523985,0.9583769430522496,1.4229417289799515,2.0592202270656603,1.8554984854532794,1.9823339190856495,3.737471995346774,3.3904750818101554,0.6569490531596658,1.2702243869584338,1.55935045772935,2.9931980204817425,2.441489917739554,1.74518848754493,1.7098622792148417,2.273377488175114,2.1692236774449882,2.2036238758022404,2.031363454754164,2.3737570456808643,0.30044977637514597,0.21236693981180635,2.999688154408709,2.3242664047466475,3.1706205945019192,2.8081898592709638,1.437006276551708,2.573947697769165
30035,1.75212661225689,3.207171705227377,2.3722237326756512,1.723229242950345,0.4875514084408064,2.0179224677266587,0.5026211513906512,0.8757512763396725,1.9465475971719082,2.4950339479130497,0.26554657132792037,1.2511695399379976,0.5204274017992616,1.473240793958785,2.198346508868584,1.913772818467255,0.2587113402735174,0.708134929187997,1.1074647993505156,2.128180061773955,1.4779687968623128,1.1695049160418904,1.0689132135713006,1.6856408075867653,2.4526993948962597,2.559680799090703,2.6082971993404933,2.0996624884274047,1.210128457135699,1.0508735131031859,1.345540161132396,3.097062615269638,2.7274140938761904,1.4947415794641392,2.667396322129575,0.0,1.059177433294984,1.7799228602638968,1.9657585461412315,1.2855582164818926,0.6186523507217032,1.0812060735217428,0.7705440323173015,1.6904264715536634,1.1882794548893651,2.7868591805097056,1.5374889283657367,1.8743163868956387,0.6113538317266373,0.9126690204625304,1.1717986391061523,1.0067078208112568,0.40346376853166854,0.9713107841458628,1.4406327606896916,0.9103929744874275,1.0324767860576276,2.781709686815624,2.476264298811053,0.9261972979763597,0.6683829515392404,0.8696286522261969,0.5935376548668624,1.237808007116743,1.2622449975557606
30036,0.6988321484991252,2.727158229573068,1.7894810188685335,1.983068117954082,0.5719408895593129,0.958928372088204,0.6524996439922355,0.5221830598828803,2.1819287300504904,1.5531884008128447,0.803745106947985,0.4360326780286445,0.7703289107180721,2.3078832691731552,1.7619547161462839,1.1606004917434691,1.288967600769447,1.6320946140047226,1.6052026918006974,1.3978772675638553,2.457304660318141,0.265436484642332,1.9334459835723619,1.8810204295743538,1.6611709610375605,1.6878590759728125,1.803536423459401,1.4188220754699947,0.15434611860684577,0.22205719488503498,0.3152215335098889,2.2764943156055852,1.8259155858676908,1.3336921340530932,1.9052439451674887,1.059177433294984,0.0,1.260444656783817,1.5522050282570035,0.5510197359088936,0.5726183059194239,1.2018963744420619,0.3467519694015237,2.670559914211101,2.1869393674564575,2.239312851428801,0.6359987122626564,0.8152104628501544,1.6251159314006893,1.5275780444830411,0.16088146777406345,0.38193527253627185,0.8366274226133817,0.2673032497574997,1.8036685802179222,0.15635890059060956,0.4904548884979094,1.9320557258784417,1.6942079330511854,1.0955834750730387,1.2336209550079127,1.8777015455439598,0.9423627154225072,0.8030044960549869,1.874310415141552
30037,1.2208723000658444,1.4867540519383358,0.593105363739175,3.197217888263192,1.4814909300680512,1.469166469194242,1.308412868126512,0.9599063696465651,1.3947152933498457,1.11028027648899,1.6546251271809211,1.663889787032065,1.2595520356997374,2.2388243408277733,0.5016903675272812,0.4151667690573236,1.8651691627311133,1.9118611996893893,1.389988260637866,0.47063138548305267,2.617076129799632,1.4999119262763965,2.0173133206718115,1.1580751978422397,0.7955009587938447,1.005236595055976,0.9425553817082071,0.3876906097740213,1.2091681523417994,1.0515472517705073,1.095284301403701,1.4015141935356161,1.1948026138940724,0.5333151610842163,0.9491444495523985,1.7799228602638968,1.260444656783817,0.0,0.30808502599852655,0.7096990206430198,1.2073872913671477,0.9071925651670617,1.1985028685242496,2.7981613358119377,2.4416466528976644,1.0237071957473776,0.764949552087012,1.3658377232239869,2.0523794556149735,1.4947179010843532,1.1264638114966208,0.9412409447154071,1.3769935683223016,1.5188385812339193,1.3166400743215867,1.33737704550422,1.7484804289039408,1.1523648788858287,0.8028542056092423,2.2800559295197114,1.3782092853572876,2.223066522421531,2.029520600220818,0.5532248387362326,1.65225508065168
30038,1.5237511835236084,1.2461084715265351,0.47787040793685276,3.459537913822466,1.7192990862634874,1.762791417989978,1.5240389408234687,1.202962467683942,1.2136963496921758,1.2892400290175425,1.871472491645414,1.9638807063825947,1.4526251026121284,2.2180375352667947,0.23327113477521264,0.6674904699969948,2.0172992195932755,1.9962453723533853,1.395997021392596,0.6213639572827188,2.6376015787048126,1.7979509448022124,2.047679457665655,1.02396359847847,0.8792493338856158,1.1260392792004004,1.0008652257536932,0.5141148435829724,1.5098299072247967,1.337801768107146,1.401173184159749,1.3999813658547937,1.307934934824681,0.5330445312320017,0.9583769430522496,1.9657585461412315,1.5522050282570035,0.30808502599852655,0.0,1.0049838902902106,1.4333337550243703,0.9789646911739944,1.456868809447727,2.80461190985837,2.4919841709399155,0.828934433071603,1.0728152679801635,1.6653175652778245,2.1615276013966818,1.5388017940257508,1.4244494091542101,1.2137269410039062,1.5641780497187519,1.80518901714938,1.247116966911877,1.6181858824057258,2.036093018498055,1.2162222766811157,0.8724996777009851,2.5400999352241453,1.4812458065671061,2.304646439942956,2.27270248026742,0.7953637066693732,1.6288214514651673
30039,0.7200380093504887,2.1801320828684303,1.2479827479912262,2.5116267882034857,0.8759552151818101,1.0225160142027434,0.7835085876163699,0.41835863320685257,1.7814777125798589,1.2155136115306828,1.0907748277056526,0.9598601684508676,0.8098297974246355,2.2034660790352807,1.211363288389964,0.6580094119475534,1.4486344175643908,1.6578448138983977,1.3925342290499885,0.8910461758224523,2.462830954055897,0.7930463940028899,1.8817610486635674,1.4889061686681189,1.1913652890850643,1.276176586031732,1.3436842781074916,0.8936108462820569,0.5079154838941476,0.34942482950498593,0.42782710120014644,1.8310670070508142,1.4419048501038996,0.8653450041679148,1.4229417289799515,1.2855582164818926,0.5510197359088936,0.7096990206430198,1.0049838902902106,0.0,0.6671930369890093,0.896457148481109,0.5597650913336575,2.6674302261536433,2.2280278637907984,1.6970249094018859,0.29120929366786624,0.8819519480701756,1.7260862857654369,1.391108922974363,0.4198023331678397,0.28862164533569173,0.9238196109501602,0.8121982352159954,1.494213863871333,0.6390485983974342,1.0403424861646378,1.5040773187309624,1.2194280891276075,1.603432028155876,1.1514267228127582,1.9501153179331767,1.3882111153633305,0.33533698253455996,1.6799876809913477
30040,1.2029481144777923,2.6774671903173015,1.7985082334072033,2.051031132591866,0.2932431149960091,1.4923831453978653,0.11634347120432662,0.2605447286555572,1.741684723565392,1.879673063304451,0.4484714043138115,0.9310953718613111,0.19786339508546344,1.7353008288916885,1.665457095929202,1.2999506841135862,0.7913329121843399,1.0732912388870475,1.062345926321784,1.5197415498762765,1.8991511725522163,0.7868566378206797,1.3624172779439585,1.4455345031035776,1.8392938955990306,1.9411599123806103,1.9942948709511157,1.4988773687403323,0.6960940636497229,0.47506792251766156,0.7916514709190862,2.4832434590091186,2.1088591250273474,1.0410399362295215,2.0592202270656603,0.6186523507217032,0.5726183059194239,1.2073872913671477,1.4333337550243703,0.6671930369890093,0.0,0.7487566287289444,0.22588425454687272,2.111120089992815,1.6380834653412526,2.22984094153954,0.9269921930996498,1.343783255146212,1.096251323388776,0.9626928696631613,0.6286623095329729,0.3941360376092062,0.280321466985266,0.6412318565040321,1.304951332554456,0.4750011285244376,0.8267634389282028,2.1644704078618924,1.8641019535443575,1.1379010724190393,0.6641251040669806,1.3383630130444137,0.8447929574209327,0.6541867177265706,1.3184183227496102
30041,1.6150315003547422,2.174388321595764,1.4429172976837938,2.7455338191115097,1.0213471906847649,1.9185371213903009,0.7780500138592793,0.6799428357477111,0.9963380749877127,1.9331514389216684,1.0772186952320901,1.6232843678870335,0.6466337983576542,1.3643647228059368,1.1972097037293972,1.2231976823102069,1.0728856875179356,1.0187541243830929,0.5165916680017681,1.362481072392924,1.7127608993567003,1.4597974661380637,1.1121375123737565,0.6979089369711909,1.6969221192901072,1.8852593605622088,1.847242134536987,1.2917289850842955,1.2640195234523535,1.0052717986841773,1.2700234190534918,2.3082047478318772,2.0738186152289626,0.45166718717540094,1.8554984854532794,1.0812060735217428,1.2018963744420619,0.9071925651670617,0.9789646911739944,0.896457148481109,0.7487566287289444,0.0,0.91296926046259,1.8985644210578998,1.53509148410082,1.8024477392910905,1.1703152400366,1.7764083869028122,1.1838530587882714,0.5885827033424554,1.1697469466143484,0.8387497472833725,0.7210639404457938,1.3573433925722476,0.6092988690359801,1.1665340355419593,1.5636679924893249,2.0537072517656663,1.7071597633669375,1.854940314836045,0.5057683468527987,1.3286039255113031,1.5347184701424001,0.5875278642882187,0.8015464889876494
30042,0.9962428379048665,2.684828557962378,1.7752129152618534,2.0028695962342,0.3186456293012624,1.2786682602298425,0.3121290344186321,0.26720860107690575,1.9084050915235047,1.7375020097588472,0.5443926996791743,0.7212958269832114,0.42358586751087957,1.9611841192513169,1.6832313873594353,1.2171459011735382,0.9767576465624077,1.2917787791576931,1.2740921891122103,1.4481840165505917,2.117893953161178,0.568846634320947,1.5873599075854443,1.6085405319707446,1.7510007002065422,1.8260074944170022,1.9028825615249785,1.4430708269305697,0.47428506198909065,0.28033777080675637,0.5844175808134028,2.389511248591182,1.9842649946631667,1.13312419313852,1.9823339190856495,0.7705440323173015,0.3467519694015237,1.1985028685242496,1.456868809447727,0.5597650913336575,0.22588425454687272,0.91296926046259,0.0,2.330551029873129,1.8522237720574304,2.21819400285957,0.7774091285210821,1.1309560923105886,1.2995806154262726,1.1850023304619974,0.41461865801308706,0.2728592156302572,0.49483676145683253,0.44460338794705756,1.4964766110060697,0.25974069675045625,0.654488606182416,2.0589473657110995,1.7791914766150339,1.0837224792562619,0.8885253575291978,1.5474982891739788,0.8369281570518354,0.6618533041074716,1.5367717447201004
30043,3.3082350592929433,3.8142832048842035,3.2823920941461258,2.968318723819385,2.136940053785397,3.6023076963598175,2.0192384337407048,2.2815879068505414,1.9334175399366151,3.818762055758883,1.948599662668439,2.9332458189717228,1.9174579523966149,0.6150996438543999,2.984436521566289,3.1181212896240256,1.431919249104908,1.0388172463275704,1.4127001243986994,3.2600497132316066,0.21396589580556566,2.8334889194097252,0.7925192520000016,1.9005872575605072,3.5926011634908384,3.7836275613068784,3.7407146838570853,3.185493008612954,2.804834135162381,2.582246143821827,2.900112972762938,4.189283642024928,3.9719076828632627,2.2868569746149783,3.737471995346774,1.6904264715536634,2.670559914211101,2.7981613358119377,2.80461190985837,2.6674302261536433,2.111120089992815,1.8985644210578998,2.330551029873129,0.0,0.5037371828973911,3.562991359423589,2.958341278632405,3.4534105697748387,1.0791084882341357,1.3127340292075436,2.7397590329054973,2.466739728197795,1.8357402466091115,2.6433056268287873,1.5951769169458236,2.5424826175133797,2.7227552985220886,3.9496877870844935,3.600984884610959,2.4846474711946818,1.5161713270954382,0.8216291992356605,2.2080224044348458,2.436664024684644,1.1822935648313326
30044,2.84071411613911,3.5914676692223595,2.966545497566534,2.525655279426728,1.6426395737487969,3.129814829056478,1.540109008233636,1.827464832236026,1.8095439895149739,3.4101122873163323,1.4483101943985757,2.4347480276123883,1.449571172061637,0.5922216681128594,2.6916575235690017,2.7269784213622748,0.9302615397434041,0.5709451082504063,1.1102918522392315,2.8889570760288317,0.29556791281637557,2.339591787067771,0.45929181041166883,1.7006840231933327,3.2257797879099583,3.3989528966167737,3.3781134728643916,2.823795416263397,2.325505739025152,2.1127003814840366,2.4297325969739743,3.8430858648212127,3.584453573007092,1.9604510059728482,3.3904750818101554,1.1882794548893651,2.1869393674564575,2.4416466528976644,2.4919841709399155,2.2280278637907984,1.6380834653412526,1.53509148410082,1.8522237720574304,0.5037371828973911,0.0,3.2887642300508366,2.5163913516627705,2.9814683554541155,0.5771666242080337,0.953840233381211,2.2651687260355002,2.008061015147992,1.358899166235404,2.1470863127901203,1.3760055986390287,2.0540263635152782,2.2207437179940595,3.5811170409059967,3.2380514526271225,1.9896209667769942,1.0919474214703468,0.3186590761211211,1.706578792417781,2.0270070575634924,0.9587381850038234
30045,1.988238272820945,0.5016418729720629,0.4498319658119491,4.207455213163255,2.5051637362939463,2.1371810910635824,2.328441963454296,1.983596021868925,1.7649430561371917,1.308783977217622,2.6757261718416983,2.6046123564170993,2.2693328295016904,2.9579565238675367,0.6052763727854559,1.1076354964246613,2.845840285161607,2.8140486548997643,2.1798142594985825,0.8888954988347509,3.410619982248064,2.4531980697992797,2.83560320241596,1.6837495846810244,0.8176169579844453,1.037180718741009,0.8044312767802897,0.8349391645434769,2.159177037673024,2.04644152727048,2.015465178725916,0.8963258950099308,1.1368644761264448,1.351417898291752,0.6569490531596658,2.7868591805097056,2.239312851428801,1.0237071957473776,0.828934433071603,1.6970249094018859,2.22984094153954,1.8024477392910905,2.21819400285957,3.562991359423589,3.2887642300508366,0.0,1.6477978978566326,2.0890583699405347,2.9862992693801957,2.3428935598626843,2.0902367876169388,1.9545251286599175,2.3837289944248865,2.505270460941432,1.9699042517743635,2.3360334230574753,2.7290067083587037,0.9408558384630601,0.7807116739813984,3.294488616260828,2.3071583853504225,3.119573750827467,3.052124018512062,1.5762774111638913,2.3812977017884394
30046,0.48175699355210555,2.145772327874387,1.2024840017841976,2.6135450862715794,1.0938792674690767,0.7693172758566722,1.0422691417210175,0.6949795441830326,2.0021568644498733,0.9601895783640062,1.3217534723908253,0.958010747952263,1.086249029860678,2.492852606507073,1.2451576891865221,0.5431273779057171,1.7173831468165062,1.9457237236209826,1.6750324260569378,0.7762557568165295,2.7533636235701073,0.812857021240437,2.1729701436925697,1.718734672515071,1.0253608909633751,1.0612072188037391,1.1676976331031244,0.8134357255377713,0.5244606397779485,0.5096530408787671,0.3690019357946076,1.6432643750760159,1.2111455295473843,1.0679939543747374,1.2702243869584338,1.5374889283657367,0.6359987122626564,0.764949552087012,1.0728152679801635,0.29120929366786624,0.9269921930996498,1.1703152400366,0.7774091285210821,2.958341278632405,2.5163913516627705,1.6477978978566326,0.0,0.6405013316443157,2.0065636250669123,1.6808116497755246,0.47540498856169067,0.5329344028045873,1.1960365038817828,0.8990054659514748,1.7552702711689545,0.7693172572825094,1.1063624543850414,1.3018607714248653,1.0587333386926685,1.7315535398922157,1.4424953175830475,2.2350099002592523,1.5602828099164021,0.586860504997333,1.9627923460938792
30047,0.16208174218247673,2.588131686195381,1.6779617989660593,2.5002006804646655,1.387147334647342,0.14903161078913096,1.4423307940688752,1.1865286566761655,2.6420891698814324,0.9901962699308026,1.6182008070162777,0.8195738654643316,1.5359760039136081,3.041497751337414,1.803460232518707,1.0314204320098843,2.1006201722527025,2.416802341663133,2.260959125524754,1.2105015295913815,3.2421113976298015,0.7792748034369035,2.690770559170455,2.356757281160044,1.3204585368223138,1.2220908931993404,1.417177139300004,1.2886277787226947,0.6649244312137261,0.8712018836962591,0.5533658920784232,1.8081100911251191,1.2921389018396308,1.7084637922386319,1.55935045772935,1.8743163868956387,0.8152104628501544,1.3658377232239869,1.6653175652778245,0.8819519480701756,1.343783255146212,1.7764083869028122,1.1309560923105886,3.4534105697748387,2.9814683554541155,2.0890583699405347,0.6405013316443157,0.0,2.430111199906118,2.233919272741285,0.716624142450327,0.9978473957976531,1.6225747037206857,0.9670525591724949,2.3761516404531045,0.9667566869483042,1.0708437986170076,1.46261954952947,1.3598715975907363,1.7367056117887238,1.9641391770028978,2.678383132419883,1.6862117626908226,1.211197099176832,2.5463054701052923
30048,2.295189469519411,3.346871856802651,2.6178411455243533,2.0992153733485734,1.070447679288163,2.5773102873453295,0.9902111775337843,1.3116183975236064,1.7690223638841096,2.9339516444214455,0.8713416217518668,1.8582801905732156,0.9209254635394541,0.9318117167391126,2.38104937833737,2.282996795600604,0.3531005497196653,0.23022018951016635,0.9245202973221577,2.468840522140713,0.866932861360112,1.7664487734788474,0.5485660254090707,1.5738787136658385,2.805503286955166,2.95336522168133,2.9610316733517164,2.417564433020005,1.7682280725885113,1.5696945901963308,1.8830351540074675,3.4407583822479806,3.1332811058433587,1.6351425935970498,2.9931980204817425,0.6113538317266373,1.6251159314006893,2.0523794556149735,2.1615276013966818,1.7260862857654369,1.096251323388776,1.1838530587882714,1.2995806154262726,1.0791084882341357,0.5771666242080337,2.9862992693801957,2.0065636250669123,2.430111199906118,0.0,0.7090272669266099,1.7141894304678367,1.4818602550421986,0.8167613034393942,1.5722309122426572,1.2644048598731372,1.4870476174996505,1.6437989937412705,3.15379937983095,2.822620177563827,1.454123764233162,0.6805798137735769,0.2587646457476672,1.1510287009827003,1.5740950665013973,0.9339459496708602
30049,2.078398178097724,2.6703148231398837,2.0127564686664807,2.628862629782668,1.1260374762134326,2.3817392950083156,0.9150638139732117,1.0502190118583183,1.0795202906316588,2.5082345056684097,1.0529913059114642,1.8895429223801579,0.772732246402659,0.8124550780146841,1.7420493532078247,1.8053958161976749,0.7653257408333239,0.49568724605578973,0.21903019729188417,1.950875277637241,1.124386296988717,1.7493993110608015,0.5236585762999102,0.8661735612433983,2.2855048184941977,2.471565877780396,2.435697253654951,1.8801126433726179,1.6334776699269458,1.3824786225684615,1.6900126401700724,2.894305917436062,2.659559757515768,1.0067238714652813,2.441489917739554,0.9126690204625304,1.5275780444830411,1.4947179010843532,1.5388017940257508,1.391108922974363,0.9626928696631613,0.5885827033424554,1.1850023304619974,1.3127340292075436,0.953840233381211,2.3428935598626843,1.6808116497755246,2.233919272741285,0.7090272669266099,0.0,1.5513764076009173,1.2382109841078563,0.7534414953512595,1.594452698838854,0.5662778932814435,1.4375773541488823,1.7518696838227656,2.6422752628047945,2.295633593716003,1.828606751738069,0.30307212448306625,0.7841711412028998,1.491342067308933,1.131630806582321,0.36757154256375285
30050,0.5827100700826076,2.581024958243898,1.6406179637150116,2.140885521488784,0.6912115215495988,0.8646999765865769,0.7257066664076922,0.5077504125709306,2.1277875774195767,1.39723718755592,0.9260840291792503,0.5401412075906827,0.8233244465934838,2.347808534116407,1.6278324104753106,1.0040334129387296,1.3887265250551701,1.7018720515720003,1.6077423839167344,1.2409678352138103,2.5278081686595746,0.3736131905336338,1.9853553841872629,1.8283448206418147,1.5007362299018312,1.527605077841577,1.642755027309272,1.2652361600511304,0.09687697889370782,0.16986049002394193,0.1739802597404366,2.115678577252009,1.667235318704872,1.2484898294970486,1.74518848754493,1.1717986391061523,0.16088146777406345,1.1264638114966208,1.4244494091542101,0.4198023331678397,0.6286623095329729,1.1697469466143484,0.41461865801308706,2.7397590329054973,2.2651687260355002,2.0902367876169388,0.47540498856169067,0.716624142450327,1.7141894304678367,1.5513764076009173,0.0,0.33133649011553323,0.9063347568460701,0.42465008941467997,1.778324603153831,0.30492001868174856,0.6400457948786445,1.7714808482188968,1.5339501000469145,1.2563539871613654,1.2677315678258652,1.961795107806493,1.098714151785035,0.7087239099206932,1.8851168129153217
30051,0.8457637358352543,2.427282989614752,1.5090592783865875,2.2562373411055856,0.5874165403580803,1.1464320743606824,0.5093473902861142,0.18868756319379015,1.8052116661135673,1.488329879524471,0.8033350299283056,0.8177906100915321,0.5618418824117098,2.0438093120139467,1.4346921581165766,0.9446520386876012,1.1851224416702701,1.4378809851457026,1.2818419040858953,1.1753281567323475,2.257632732084493,0.6473713044201094,1.6953816101767782,1.5047669246547062,1.479697360047894,1.5621486455945222,1.6322459827135685,1.171041864105118,0.42528266039524476,0.16797368801964818,0.4522032925998918,2.1196878851145606,1.7248143093826578,0.9535358531425682,1.7098622792148417,1.0067078208112568,0.38193527253627185,0.9412409447154071,1.2137269410039062,0.28862164533569173,0.3941360376092062,0.8387497472833725,0.2728592156302572,2.466739728197795,2.008061015147992,1.9545251286599175,0.5329344028045873,0.9978473957976531,1.4818602550421986,1.2382109841078563,0.33133649011553323,0.0,0.6666404153061443,0.6024588998633161,1.4470524061032117,0.4082339919900875,0.8328945087785814,1.791944486702914,1.5074272395144475,1.3403779365289226,0.9665920213869784,1.7171457722255796,1.1076379154768579,0.43285436907523694,1.562237303629794
30052,1.4829647321424209,2.807553980916336,1.96898227600312,2.0258757526145956,0.37285150311684234,1.7709236006353182,0.18413524484970076,0.505463404925717,1.6636779970986362,2.139167956298137,0.3579209185107943,1.1507599252477327,0.11991162791612023,1.4851436197640173,1.7970988403423869,1.52721531086904,0.5251762891340039,0.7969469918948235,0.8944577103863514,1.7354241867639224,1.6230579592671435,1.023983152158569,1.1008154939851402,1.3814387971135835,2.064049792929332,2.1840332998914866,2.220136459779703,1.7024669479289596,0.969117546845621,0.7552959859702606,1.0713256928928665,2.7079382131184984,2.35699499843963,1.1059726631341882,2.273377488175114,0.40346376853166854,0.8366274226133817,1.3769935683223016,1.5641780497187519,0.9238196109501602,0.280321466985266,0.7210639404457938,0.49483676145683253,1.8357402466091115,1.358899166235404,2.3837289944248865,1.1960365038817828,1.6225747037206857,0.8167613034393942,0.7534414953512595,0.9063347568460701,0.6666404153061443,0.0,0.8531258282164728,1.1853407266722806,0.718236924155397,0.9989993687707581,2.3994982773229023,2.086107199798106,1.1479475059875774,0.4518452743909146,1.0580557199858986,0.8193857525736636,0.8386099173213742,1.120233930068063
30053,0.8821432327002454,2.9915984322151385,2.055477955738916,1.7163646860200685,0.5074477472193957,1.0975930117151609,0.6800328005370428,0.6932012810786898,2.3520926780068563,1.7922803910582248,0.7057799829966459,0.29773173349811793,0.8221689029041691,2.336116676310748,2.0192869649454432,1.4276327623389151,1.221971433087236,1.6168452715280832,1.7034117549485026,1.6648293269478607,2.429395712357103,0.2011424282488723,1.945506561773295,2.051848327214844,1.9241190459230615,1.9411554128647561,2.0645999398529757,1.686082980445806,0.3837652080383954,0.4677262817345124,0.5545931642987629,2.5335755132099633,2.0724961253292684,1.5484705423922678,2.1692236774449882,0.9713107841458628,0.2673032497574997,1.5188385812339193,1.80518901714938,0.8121982352159954,0.6412318565040321,1.3573433925722476,0.44460338794705756,2.6433056268287873,2.1470863127901203,2.505270460941432,0.8990054659514748,0.9670525591724949,1.5722309122426572,1.594452698838854,0.42465008941467997,0.6024588998633161,0.8531258282164728,0.0,1.938967927993623,0.19790539527291515,0.23124739987705148,2.1870576949309966,1.9577051204069325,0.8372043982831417,1.2919343820008213,1.8304271300806256,0.7231783738975601,1.0352344803227784,1.955436722214628
30054,2.214186518375409,2.22781164186502,1.7176969163386901,3.1636130884267355,1.5414132200931792,2.515662559190203,1.3017220683685813,1.2821507860305632,0.5141500279358266,2.4184782030701535,1.53022305141773,2.2160802936289046,1.1548264837140725,0.9880848725953659,1.4038651252879237,1.7031526498909721,1.3241312236953122,1.0398891506953067,0.34783882303986674,1.7855127707661056,1.4533901768751698,2.0566904648098436,0.9184054384534793,0.325514380823192,2.0965722564439258,2.32014852746205,2.2325662709629936,1.6939697447998467,1.8720565245870657,1.6127068068501975,1.8786603328085416,2.6470945230629255,2.5091870792870266,0.7844212140759876,2.2036238758022404,1.4406327606896916,1.8036685802179222,1.3166400743215867,1.247116966911877,1.494213863871333,1.304951332554456,0.6092988690359801,1.4964766110060697,1.5951769169458236,1.3760055986390287,1.9699042517743635,1.7552702711689545,2.3761516404531045,1.2644048598731372,0.5662778932814435,1.778324603153831,1.4470524061032117,1.1853407266722806,1.938967927993623,0.0,1.7551710669416412,2.131703830572289,2.447623677998274,2.0971897589163717,2.324072809871038,0.773892971640957,1.2923271131230951,1.9887287405760536,1.1689706761248118,0.42215870513483855
30055,0.8542446223498931,2.8174627419964655,1.8870257029297004,1.8731172216267127,0.42310852608509447,1.1086119523562452,0.5359965443370474,0.4966268295172983,2.1592507782781523,1.702134171478672,0.6516483936701876,0.461594123772021,0.6673898461228795,2.2011448730539716,1.8356661230554965,1.27701560852709,1.1459429913607326,1.5062970049701454,1.5328236021170893,1.5141613401016962,2.3287404930472264,0.3118558396891394,1.8190514123284525,1.8586246259167685,1.7898755206549433,1.8282914523209808,1.9351789220247755,1.527172708268952,0.31054519104067557,0.28963591302987496,0.4694763110443428,2.4125689964550694,1.9708109288373707,1.350701792142823,2.031363454754164,0.9103929744874275,0.15635890059060956,1.33737704550422,1.6181858824057258,0.6390485983974342,0.4750011285244376,1.1665340355419593,0.25974069675045625,2.5424826175133797,2.0540263635152782,2.3360334230574753,0.7693172572825094,0.9667566869483042,1.4870476174996505,1.4375773541488823,0.30492001868174856,0.4082339919900875,0.718236924155397,0.19790539527291515,1.7551710669416412,0.0,0.4256319050053242,2.070620378906125,1.8217499343337844,0.9704638449291093,1.1379493949758093,1.7419063864747428,0.7944457696415917,0.8408085742236658,1.7928893681901115
30056,1.0154293938748737,3.217571044170553,2.279203647187661,1.5096805381440357,0.6289288667249826,1.184905809762868,0.8424490818786231,0.9135550290934515,2.5600038920898145,1.9617956170387743,0.7764851459553886,0.26447905716364734,0.9900131805238443,2.4601327708587424,2.249360651534917,1.642901022463982,1.2908396449210318,1.717568180149475,1.8780041766486137,1.8792671127086569,2.5100174957079386,0.31158212259381923,2.0617026616378236,2.260977127499873,2.1268888153524355,2.1280123911277626,2.2634115675350412,1.9052720391454037,0.5820849136656289,0.6983378240649504,0.7464305220904377,2.7245351922099776,2.249744818992456,1.7747537944925673,2.3737570456808643,1.0324767860576276,0.4904548884979094,1.7484804289039408,2.036093018498055,1.0403424861646378,0.8267634389282028,1.5636679924893249,0.654488606182416,2.7227552985220886,2.2207437179940595,2.7290067083587037,1.1063624543850414,1.0708437986170076,1.6437989937412705,1.7518696838227656,0.6400457948786445,0.8328945087785814,0.9989993687707581,0.23124739987705148,2.131703830572289,0.4256319050053242,0.0,2.3755929952045394,2.1615530213227223,0.6695540964589508,1.4492018711433134,1.9020863544324158,0.6449372670117726,1.2657481123602319,2.1176430993713726
30057,1.4235282016941986,1.3468492461055586,0.8073257845239983,3.881499511777972,2.377343054522397,1.453956367844248,2.2796914855963712,1.905961597801271,2.4184898456707518,0.48608716391139056,2.5948516140320654,2.1788102005513146,2.2802056237897363,3.3899550909599125,1.1358320619322142,0.873672213278545,2.919882119516822,3.0360679917777706,2.5423079197769294,0.6922293672060829,3.7663826653264056,2.0662756608036057,3.165836208901646,2.2401151172855553,0.35708802463855654,0.24830745615119862,0.21562444468596914,0.7646743711389569,1.8035295091895345,1.8069892125505551,1.633502918166137,0.3507412566211162,0.21414040958881553,1.6773033393690113,0.30044977637514597,2.781709686815624,1.9320557258784417,1.1523648788858287,1.2162222766811157,1.5040773187309624,2.1644704078618924,2.0537072517656663,2.0589473657110995,3.9496877870844935,3.5811170409059967,0.9408558384630601,1.3018607714248653,1.46261954952947,3.15379937983095,2.6422752628047945,1.7714808482188968,1.791944486702914,2.3994982773229023,2.1870576949309966,2.447623677998274,2.070620378906125,2.3755929952045394,0.0,0.3511664357576772,3.0242211326921473,2.4991436334760024,3.3454997641666675,2.8620046797540732,1.5804341741886079,2.801862283873396
30058,1.284615028653217,1.257516016428786,0.508332179736749,3.6707642236649822,2.094656221593152,1.3870197404112352,1.9774766568935584,1.6036655438443397,2.0822810760517907,0.53414100135051,2.3036681335940123,1.9898276864119848,1.9662463332198412,3.0391579854241106,0.8167433989899003,0.5646596701245356,2.6011461258658697,2.6978154418034417,2.1922709331877415,0.3538856903083411,3.4190987160498594,1.8599849585032093,2.818880337011769,1.8947300637450308,0.039545226293870264,0.28355452661901476,0.140111360556773,0.41564919954220647,1.5800644603744378,1.544484805186377,1.4157634823657164,0.62195917087104,0.4445247979294394,1.3261761887947854,0.21236693981180635,2.476264298811053,1.6942079330511854,0.8028542056092423,0.8724996777009851,1.2194280891276075,1.8641019535443575,1.7071597633669375,1.7791914766150339,3.600984884610959,3.2380514526271225,0.7807116739813984,1.0587333386926685,1.3598715975907363,2.822620177563827,2.295633593716003,1.5339501000469145,1.5074272395144475,2.086107199798106,1.9577051204069325,2.0971897589163717,1.8217499343337844,2.1615530213227223,0.3511664357576772,0.0,2.7891467220764605,2.1610162033402327,3.0081487193029757,2.601468268932761,1.2550616580354097,2.45085237948779
30059,1.6849530474328547,3.7667962127341275,2.8477624662790744,0.9195279670294951,0.8455913446556329,1.8442048524724768,1.0810843736269453,1.3395462732611505,2.8109834399264138,2.624535700671311,0.7944516856450906,0.9181726035997699,1.2084550304203008,2.373666797224978,2.766949156876526,2.247479217935746,1.145238850493869,1.6086975312052896,2.009316781285916,2.4846107977676772,2.284363793610221,0.9780283139560187,1.9727909341920327,2.5291815847322603,2.756435849404006,2.7783522018280915,2.899107169714206,2.4958505485226525,1.2209154726503153,1.256844202378057,1.3915137352454658,3.3704013860746054,2.9080956974262326,2.178861277027357,2.999688154408709,0.9261972979763597,1.0955834750730387,2.2800559295197114,2.5400999352241453,1.603432028155876,1.1379010724190393,1.854940314836045,1.0837224792562619,2.4846474711946818,1.9896209667769942,3.294488616260828,1.7315535398922157,1.7367056117887238,1.454123764233162,1.828606751738069,1.2563539871613654,1.3403779365289226,1.1479475059875774,0.8372043982831417,2.324072809871038,0.9704638449291093,0.6695540964589508,3.0242211326921473,2.7891467220764605,0.0,1.55690065645823,1.687496610915081,0.3374482135839761,1.7447413679958763,2.1854711665209536
30060,1.8122027721304168,2.678225475511766,1.9378299065587836,2.3902010533061655,0.82469317471327,2.1128706753867044,0.6121945229769354,0.7781301528225838,1.278170416163383,2.318409137507895,0.7682962043051259,1.5875460311874754,0.47120804873368655,1.0801652880894692,1.7021426102504473,1.6376895451028581,0.5903916166099614,0.5369629138184556,0.45319530823704196,1.8087496337328253,1.31290758853163,1.4494757941101895,0.7320010417866466,1.0213679901362704,2.1463175417925022,2.310347127045976,2.300532830435583,1.7507199466843364,1.3460158026000695,1.1009201188818345,1.414230604346261,2.774531832570223,2.494717418672484,0.9573473047931441,2.3242664047466475,0.6683829515392404,1.2336209550079127,1.3782092853572876,1.4812458065671061,1.1514267228127582,0.6641251040669806,0.5057683468527987,0.8885253575291978,1.5161713270954382,1.0919474214703468,2.3071583853504225,1.4424953175830475,1.9641391770028978,0.6805798137735769,0.30307212448306625,1.2677315678258652,0.9665920213869784,0.4518452743909146,1.2919343820008213,0.773892971640957,1.1379493949758093,1.4492018711433134,2.4991436334760024,2.1610162033402327,1.55690065645823,0.0,0.8471607898061176,1.219986739488154,0.9351049849796228,0.6686284590236123
30061,2.5407295825428733,3.454468134503208,2.7715108717956674,2.276321302729565,1.3274573501356473,2.8261655530144787,1.2361638698291864,1.541258536686238,1.7726515053332481,3.148006126896432,1.1301062240531161,2.116983605907939,1.155519806071418,0.750885010477382,2.515850443784249,2.4806680315824527,0.6117440012966863,0.3112123088253302,0.9785907491488848,2.6557041252437017,0.6106218934545622,2.024018343893351,0.4304557356657206,1.6148649806243394,2.9932620551890623,3.153225836659956,3.1476199806591825,2.5977087353867354,2.018813436600215,1.813333207257769,2.1287909420934334,3.6213587858902914,3.3360159019158893,1.7721795817523485,3.1706205945019192,0.8696286522261969,1.8777015455439598,2.223066522421531,2.304646439942956,1.9501153179331767,1.3383630130444137,1.3286039255113031,1.5474982891739788,0.8216291992356605,0.3186590761211211,3.119573750827467,2.2350099002592523,2.678383132419883,0.2587646457476672,0.7841711412028998,1.961795107806493,1.7171457722255796,1.0580557199858986,1.8304271300806256,1.2923271131230951,1.7419063864747428,1.9020863544324158,3.3454997641666675,3.0081487193029757,1.687496610915081,0.8471607898061176,0.0,1.3954997988189692,1.773463099459433,0.9090664652313235
30062,1.605300914344662,3.5120187848866045,2.6111194591390228,1.2133726186362255,0.5538782810856236,1.8112403299095594,0.7724556969621746,1.071757706226318,2.4789244541180553,2.495408329338239,0.46230280246819055,0.9083279429474199,0.8892555159414035,2.05608961778668,2.5032712083769404,2.045112703214509,0.8247491464320605,1.2888995630627156,1.6721140214689867,2.2792227743967186,2.0020980161198856,0.9073349135127022,1.6529064451987936,2.2000805765516165,2.571268748358527,2.6211612057473688,2.7197746430460294,2.278536283475496,1.0878789190763087,1.057745390221495,1.2563730341094077,3.2013110777150113,2.765231334311181,1.8803326860210496,2.8081898592709638,0.5935376548668624,0.9423627154225072,2.029520600220818,2.27270248026742,1.3882111153633305,0.8447929574209327,1.5347184701424001,0.8369281570518354,2.2080224044348458,1.706578792417781,3.052124018512062,1.5602828099164021,1.6862117626908226,1.1510287009827003,1.491342067308933,1.098714151785035,1.1076379154768579,0.8193857525736636,0.7231783738975601,1.9887287405760536,0.7944457696415917,0.6449372670117726,2.8620046797540732,2.601468268932761,0.3374482135839761,1.219986739488154,1.3954997988189692,0.0,1.4815164168190846,1.8491101876908709
30063,1.0491545081057199,2.0305057375708317,1.1446980964218703,2.6642018693883625,0.9304904183380984,1.348242892275555,0.756522997538331,0.40975883765385057,1.4465613283393957,1.3844998076023658,1.1017845378468212,1.2362829296326447,0.7191001626020553,1.9356420376393386,1.0233358030790964,0.7089604569984205,1.3468653968426847,1.4676019629044532,1.0999409861448146,0.9018745694241518,2.2394100081831896,1.065249197964546,1.644275418124216,1.1535697890644574,1.2355371266797732,1.3804508079586284,1.3916781066350117,0.8641606331222532,0.8044983870057998,0.5809500827061046,0.7549165182171397,1.8765743664082895,1.562567247698689,0.5406354189617509,1.437006276551708,1.237808007116743,0.8030044960549869,0.5532248387362326,0.7953637066693732,0.33533698253455996,0.6541867177265706,0.5875278642882187,0.6618533041074716,2.436664024684644,2.0270070575634924,1.5762774111638913,0.586860504997333,1.211197099176832,1.5740950665013973,1.131630806582321,0.7087239099206932,0.43285436907523694,0.8386099173213742,1.0352344803227784,1.1689706761248118,0.8408085742236658,1.2657481123602319,1.5804341741886079,1.2550616580354097,1.7447413679958763,0.9351049849796228,1.773463099459433,1.4815164168190846,0.0,1.3869452129574449
30064,2.387463728540419,2.6496350160516156,2.105540097664496,2.960978292358842,1.4930337131194062,2.692152926304011,1.2781173422434111,1.3779901630134979,0.8652472502781392,2.7239593555840647,1.4178579665497621,2.2487823333621595,1.13345501870566,0.590030228535309,1.8029382987707374,2.0083568513095886,1.0847034911898406,0.7039749400702552,0.28776254619899566,2.121907905760367,1.032905772088138,2.1045066154950316,0.5063761390614533,0.7437506256822124,2.44616730100253,2.654614028394949,2.58910898754606,2.038687040760795,1.971302737266355,1.715266472410752,2.0134384340605425,3.0230898079422612,2.8443136179481563,1.1250057789874657,2.573947697769165,1.2622449975557606,1.874310415141552,1.65225508065168,1.6288214514651673,1.6799876809913477,1.3184183227496102,0.8015464889876494,1.5367717447201004,1.1822935648313326,0.9587381850038234,2.3812977017884394,1.9627923460938792,2.5463054701052923,0.9339459496708602,0.36757154256375285,1.8851168129153217,1.562237303629794,1.120233930068063,1.955436722214628,0.42215870513483855,1.7928893681901115,2.1176430993713726,2.801862283873396,2.45085237948779,2.1854711665209536,0.6686284590236123,0.9090664652313235,1.8491101876908709,1.3869452129574449,0.0
