,Start_id,End_id,counts
0,30000,30000,689
1,30000,30001,10
2,30000,30002,1
3,30000,30003,2
4,30000,30004,42
5,30000,30005,100
6,30000,30006,93
7,30000,30007,28
8,30000,30008,5
9,30000,30009,106
10,30000,30010,17
11,30000,30011,185
12,30000,30012,8
13,30000,30013,17
14,30000,30014,3
15,30000,30015,24
16,30000,30016,20
17,30000,30017,17
18,30000,30018,12
19,30000,30019,24
20,30000,30020,8
21,30000,30021,76
22,30000,30024,20
23,30000,30025,38
24,30000,30026,8
25,30000,30027,30
26,30000,30028,76
27,30000,30029,59
28,30000,30030,140
29,30000,30031,22
30,30000,30032,21
31,30000,30033,1
32,30000,30034,8
33,30000,30035,32
34,30000,30036,107
35,30000,30037,16
36,30000,30038,10
37,30000,30039,22
38,30000,30040,48
39,30000,30041,6
40,30000,30042,111
41,30000,30043,9
42,30000,30044,1
43,30000,30045,14
44,30000,30046,323
45,30000,30047,95
46,30000,30048,5
47,30000,30049,8
48,30000,30050,64
49,30000,30051,42
50,30000,30052,23
51,30000,30053,42
52,30000,30054,2
53,30000,30055,90
54,30000,30056,23
55,30000,30057,8
56,30000,30058,11
57,30000,30059,1
58,30000,30060,15
59,30000,30061,4
60,30000,30062,1
61,30000,30063,8
62,30000,30064,1
63,30001,30000,20
64,30001,30001,255
65,30001,30002,30
66,30001,30004,1
67,30001,30005,20
68,30001,30006,4
69,30001,30007,6
70,30001,30008,53
71,30001,30009,10
72,30001,30010,1
73,30001,30011,7
74,30001,30013,15
75,30001,30014,40
76,30001,30015,18
77,30001,30016,3
78,30001,30017,7
79,30001,30018,7
80,30001,30019,12
81,30001,30020,11
82,30001,30022,7
83,30001,30023,17
84,30001,30024,40
85,30001,30025,3
86,30001,30026,18
87,30001,30027,36
88,30001,30028,3
89,30001,30029,28
90,30001,30030,22
91,30001,30031,17
92,30001,30032,4
93,30001,30033,6
94,30001,30034,49
95,30001,30035,1
96,30001,30036,4
97,30001,30037,19
98,30001,30038,26
99,30001,30039,10
100,30001,30040,13
101,30001,30041,3
102,30001,30042,13
103,30001,30043,35
104,30001,30044,5
105,30001,30045,148
106,30001,30046,33
107,30001,30047,7
108,30001,30048,2
109,30001,30049,3
110,30001,30050,13
111,30001,30051,1
112,30001,30053,2
113,30001,30054,1
114,30001,30055,4
115,30001,30056,2
116,30001,30058,6
117,30001,30060,3
118,30001,30064,6
119,30002,30001,16
120,30002,30002,50
121,30002,30004,2
122,30002,30005,3
123,30002,30007,2
124,30002,30009,12
125,30002,30011,1
126,30002,30014,32
127,30002,30015,6
128,30002,30017,6
129,30002,30018,8
130,30002,30019,15
131,30002,30020,8
132,30002,30022,1
133,30002,30024,9
134,30002,30025,8
135,30002,30026,8
136,30002,30027,29
137,30002,30028,1
138,30002,30029,1
139,30002,30030,2
140,30002,30032,5
141,30002,30033,2
142,30002,30034,14
143,30002,30036,8
144,30002,30037,24
145,30002,30038,6
146,30002,30039,3
147,30002,30040,1
148,30002,30041,1
149,30002,30042,2
150,30002,30044,1
151,30002,30045,48
152,30002,30046,8
153,30002,30047,2
154,30002,30048,1
155,30002,30049,2
156,30002,30050,1
157,30002,30055,2
158,30002,30058,1
159,30002,30060,1
160,30002,30061,1
161,30002,30062,1
162,30002,30063,2
163,30002,30064,1
164,30003,30003,30
165,30003,30004,4
166,30003,30005,2
167,30003,30006,1
168,30003,30009,1
169,30003,30010,3
170,30003,30011,9
171,30003,30013,1
172,30003,30016,9
173,30003,30019,3
174,30003,30020,3
175,30003,30021,5
176,30003,30030,2
177,30003,30036,1
178,30003,30040,2
179,30003,30042,1
180,30003,30043,2
181,30003,30047,3
182,30003,30051,2
183,30003,30055,2
184,30003,30056,9
185,30003,30059,57
186,30003,30062,8
187,30004,30000,59
188,30004,30001,2
189,30004,30002,4
190,30004,30003,2
191,30004,30004,186
192,30004,30005,49
193,30004,30006,49
194,30004,30007,29
195,30004,30008,9
196,30004,30009,20
197,30004,30010,92
198,30004,30011,111
199,30004,30012,12
200,30004,30013,45
201,30004,30015,8
202,30004,30016,138
203,30004,30017,105
204,30004,30018,9
205,30004,30020,57
206,30004,30021,61
207,30004,30022,28
208,30004,30023,1
209,30004,30024,3
210,30004,30025,1
211,30004,30027,2
212,30004,30028,12
213,30004,30029,50
214,30004,30030,14
215,30004,30031,2
216,30004,30032,1
217,30004,30033,5
218,30004,30035,106
219,30004,30036,34
220,30004,30037,3
221,30004,30038,10
222,30004,30039,3
223,30004,30040,28
224,30004,30041,3
225,30004,30042,62
226,30004,30043,93
227,30004,30044,43
228,30004,30045,1
229,30004,30046,20
230,30004,30047,24
231,30004,30048,50
232,30004,30049,22
233,30004,30050,44
234,30004,30051,27
235,30004,30052,61
236,30004,30053,12
237,30004,30054,3
238,30004,30055,75
239,30004,30056,63
240,30004,30058,4
241,30004,30059,9
242,30004,30060,13
243,30004,30061,28
244,30004,30062,13
245,30004,30063,5
246,30004,30064,2
247,30005,30000,69
248,30005,30001,19
249,30005,30002,1
250,30005,30003,3
251,30005,30004,42
252,30005,30005,164
253,30005,30006,38
254,30005,30007,19
255,30005,30008,4
256,30005,30009,79
257,30005,30010,4
258,30005,30011,73
259,30005,30012,2
260,30005,30013,8
261,30005,30014,2
262,30005,30015,21
263,30005,30016,16
264,30005,30017,9
265,30005,30018,8
266,30005,30019,24
267,30005,30020,6
268,30005,30021,45
269,30005,30022,3
270,30005,30024,26
271,30005,30025,12
272,30005,30026,14
273,30005,30027,16
274,30005,30028,79
275,30005,30029,70
276,30005,30030,53
277,30005,30031,28
278,30005,30032,9
279,30005,30033,1
280,30005,30034,26
281,30005,30035,13
282,30005,30036,107
283,30005,30037,9
284,30005,30038,4
285,30005,30039,11
286,30005,30040,16
287,30005,30041,3
288,30005,30042,127
289,30005,30043,4
290,30005,30044,8
291,30005,30045,7
292,30005,30046,100
293,30005,30047,112
294,30005,30048,5
295,30005,30049,5
296,30005,30050,75
297,30005,30051,38
298,30005,30052,5
299,30005,30053,50
300,30005,30054,3
301,30005,30055,78
302,30005,30056,41
303,30005,30058,10
304,30005,30060,18
305,30005,30061,2
306,30005,30062,1
307,30005,30063,1
308,30005,30064,2
309,30006,30000,119
310,30006,30001,4
311,30006,30004,72
312,30006,30005,34
313,30006,30006,622
314,30006,30007,34
315,30006,30008,19
316,30006,30009,26
317,30006,30010,59
318,30006,30011,69
319,30006,30012,45
320,30006,30013,68
321,30006,30014,3
322,30006,30015,29
323,30006,30016,215
324,30006,30017,173
325,30006,30018,68
326,30006,30019,6
327,30006,30020,91
328,30006,30021,48
329,30006,30022,50
330,30006,30023,1
331,30006,30024,9
332,30006,30025,9
333,30006,30026,2
334,30006,30027,2
335,30006,30028,67
336,30006,30029,89
337,30006,30030,32
338,30006,30031,19
339,30006,30032,4
340,30006,30033,3
341,30006,30034,2
342,30006,30035,188
343,30006,30036,123
344,30006,30037,7
345,30006,30038,8
346,30006,30039,38
347,30006,30040,80
348,30006,30041,3
349,30006,30042,254
350,30006,30043,154
351,30006,30044,55
352,30006,30045,4
353,30006,30046,112
354,30006,30047,46
355,30006,30048,128
356,30006,30049,103
357,30006,30050,46
358,30006,30051,28
359,30006,30052,99
360,30006,30053,37
361,30006,30054,2
362,30006,30055,72
363,30006,30056,57
364,30006,30057,5
365,30006,30058,2
366,30006,30060,83
367,30006,30061,21
368,30006,30062,5
369,30006,30063,11
370,30006,30064,33
371,30007,30000,28
372,30007,30001,8
373,30007,30002,1
374,30007,30004,41
375,30007,30005,11
376,30007,30006,42
377,30007,30007,127
378,30007,30008,3
379,30007,30009,8
380,30007,30010,19
381,30007,30011,87
382,30007,30012,37
383,30007,30013,9
384,30007,30014,3
385,30007,30015,20
386,30007,30016,14
387,30007,30017,10
388,30007,30018,4
389,30007,30019,71
390,30007,30020,8
391,30007,30021,11
392,30007,30022,2
393,30007,30024,20
394,30007,30025,1
395,30007,30026,1
396,30007,30027,9
397,30007,30028,17
398,30007,30029,39
399,30007,30030,13
400,30007,30031,6
401,30007,30032,1
402,30007,30033,9
403,30007,30034,6
404,30007,30035,29
405,30007,30036,31
406,30007,30037,3
407,30007,30039,18
408,30007,30040,46
409,30007,30041,17
410,30007,30042,40
411,30007,30043,19
412,30007,30044,8
413,30007,30045,4
414,30007,30046,51
415,30007,30047,40
416,30007,30048,59
417,30007,30049,4
418,30007,30050,11
419,30007,30051,32
420,30007,30052,17
421,30007,30053,6
422,30007,30055,45
423,30007,30056,5
424,30007,30058,4
425,30007,30060,21
426,30007,30061,2
427,30007,30062,3
428,30007,30063,41
429,30007,30064,2
430,30008,30000,4
431,30008,30001,78
432,30008,30004,9
433,30008,30005,9
434,30008,30006,8
435,30008,30007,11
436,30008,30008,238
437,30008,30009,5
438,30008,30010,1
439,30008,30011,3
440,30008,30012,6
441,30008,30013,91
442,30008,30014,15
443,30008,30015,2
444,30008,30016,8
445,30008,30017,18
446,30008,30018,25
447,30008,30019,9
448,30008,30020,53
449,30008,30021,7
450,30008,30022,35
451,30008,30023,81
452,30008,30024,3
453,30008,30025,1
454,30008,30026,1
455,30008,30027,15
456,30008,30028,1
457,30008,30029,6
458,30008,30030,9
459,30008,30031,5
460,30008,30033,10
461,30008,30034,2
462,30008,30035,3
463,30008,30036,9
464,30008,30037,20
465,30008,30038,46
466,30008,30039,17
467,30008,30040,19
468,30008,30041,16
469,30008,30042,8
470,30008,30043,142
471,30008,30044,45
472,30008,30045,17
473,30008,30046,23
474,30008,30047,1
475,30008,30048,12
476,30008,30049,8
477,30008,30050,36
478,30008,30051,8
479,30008,30052,3
480,30008,30053,2
481,30008,30054,28
482,30008,30055,2
483,30008,30056,7
484,30008,30058,4
485,30008,30060,13
486,30008,30061,9
487,30008,30063,3
488,30008,30064,28
489,30009,30000,96
490,30009,30001,17
491,30009,30002,17
492,30009,30003,2
493,30009,30004,15
494,30009,30005,129
495,30009,30006,22
496,30009,30007,8
497,30009,30008,9
498,30009,30009,282
499,30009,30010,12
500,30009,30011,49
501,30009,30012,13
502,30009,30013,10
503,30009,30014,8
504,30009,30015,57
505,30009,30016,14
506,30009,30017,7
507,30009,30018,7
508,30009,30019,118
509,30009,30020,10
510,30009,30021,8
511,30009,30022,3
512,30009,30023,6
513,30009,30024,170
514,30009,30025,231
515,30009,30026,246
516,30009,30027,98
517,30009,30028,28
518,30009,30029,18
519,30009,30030,34
520,30009,30031,80
521,30009,30032,65
522,30009,30033,5
523,30009,30034,70
524,30009,30035,9
525,30009,30036,23
526,30009,30037,16
527,30009,30038,16
528,30009,30039,21
529,30009,30040,23
530,30009,30041,16
531,30009,30042,35
532,30009,30043,8
533,30009,30044,4
534,30009,30045,36
535,30009,30046,88
536,30009,30047,119
537,30009,30048,4
538,30009,30049,3
539,30009,30050,35
540,30009,30051,15
541,30009,30052,6
542,30009,30053,3
543,30009,30055,39
544,30009,30056,5
545,30009,30057,81
546,30009,30058,64
547,30009,30060,4
548,30009,30063,3
549,30010,30000,31
550,30010,30001,1
551,30010,30003,1
552,30010,30004,53
553,30010,30005,7
554,30010,30006,46
555,30010,30007,18
556,30010,30008,3
557,30010,30009,4
558,30010,30010,104
559,30010,30011,22
560,30010,30012,2
561,30010,30013,10
562,30010,30014,1
563,30010,30015,4
564,30010,30016,111
565,30010,30017,33
566,30010,30018,2
567,30010,30020,20
568,30010,30021,56
569,30010,30022,7
570,30010,30025,1
571,30010,30027,1
572,30010,30028,16
573,30010,30029,5
574,30010,30030,15
575,30010,30032,21
576,30010,30033,1
577,30010,30035,71
578,30010,30036,18
579,30010,30037,2
580,30010,30039,12
581,30010,30040,19
582,30010,30042,56
583,30010,30043,47
584,30010,30044,9
585,30010,30046,32
586,30010,30047,20
587,30010,30048,35
588,30010,30049,3
589,30010,30050,3
590,30010,30051,3
591,30010,30052,11
592,30010,30053,21
593,30010,30055,47
594,30010,30056,7
595,30010,30057,2
596,30010,30058,2
597,30010,30059,1
598,30010,30060,9
599,30010,30061,3
600,30010,30062,26
601,30010,30064,1
602,30011,30000,215
603,30011,30001,9
604,30011,30002,2
605,30011,30003,8
606,30011,30004,173
607,30011,30005,87
608,30011,30006,84
609,30011,30007,78
610,30011,30008,5
611,30011,30009,40
612,30011,30010,28
613,30011,30011,467
614,30011,30012,7
615,30011,30013,12
616,30011,30015,24
617,30011,30016,29
618,30011,30017,2
619,30011,30019,13
620,30011,30020,9
621,30011,30021,48
622,30011,30022,4
623,30011,30023,2
624,30011,30024,16
625,30011,30025,5
626,30011,30026,27
627,30011,30027,32
628,30011,30028,65
629,30011,30029,135
630,30011,30030,62
631,30011,30031,12
632,30011,30032,3
633,30011,30034,2
634,30011,30035,39
635,30011,30036,181
636,30011,30037,19
637,30011,30038,31
638,30011,30039,16
639,30011,30040,88
640,30011,30041,3
641,30011,30042,572
642,30011,30043,28
643,30011,30044,1
644,30011,30045,13
645,30011,30046,230
646,30011,30047,172
647,30011,30048,11
648,30011,30049,1
649,30011,30050,45
650,30011,30051,26
651,30011,30052,15
652,30011,30053,122
653,30011,30055,243
654,30011,30056,129
655,30011,30057,10
656,30011,30058,4
657,30011,30059,5
658,30011,30060,11
659,30011,30061,2
660,30011,30062,5
661,30011,30063,7
662,30011,30064,2
663,30012,30000,14
664,30012,30001,1
665,30012,30004,15
666,30012,30005,2
667,30012,30006,38
668,30012,30007,20
669,30012,30009,12
670,30012,30010,5
671,30012,30011,8
672,30012,30012,72
673,30012,30013,5
674,30012,30014,1
675,30012,30015,1
676,30012,30016,33
677,30012,30017,10
678,30012,30018,8
679,30012,30019,2
680,30012,30020,19
681,30012,30021,3
682,30012,30022,4
683,30012,30023,2
684,30012,30026,1
685,30012,30027,8
686,30012,30028,10
687,30012,30029,38
688,30012,30030,13
689,30012,30032,1
690,30012,30034,1
691,30012,30035,21
692,30012,30036,16
693,30012,30037,2
694,30012,30039,4
695,30012,30040,60
696,30012,30042,39
697,30012,30043,11
698,30012,30044,2
699,30012,30045,2
700,30012,30046,10
701,30012,30047,6
702,30012,30049,12
703,30012,30050,18
704,30012,30051,17
705,30012,30052,67
706,30012,30053,7
707,30012,30055,22
708,30012,30056,1
709,30012,30060,1
710,30012,30061,8
711,30012,30063,3
712,30012,30064,3
713,30013,30000,18
714,30013,30001,25
715,30013,30004,48
716,30013,30005,5
717,30013,30006,69
718,30013,30007,5
719,30013,30008,64
720,30013,30009,4
721,30013,30010,16
722,30013,30011,14
723,30013,30012,7
724,30013,30013,359
725,30013,30014,3
726,30013,30015,4
727,30013,30016,45
728,30013,30017,189
729,30013,30018,24
730,30013,30019,2
731,30013,30020,69
732,30013,30021,10
733,30013,30022,118
734,30013,30023,7
735,30013,30024,4
736,30013,30026,4
737,30013,30027,12
738,30013,30028,6
739,30013,30029,10
740,30013,30030,13
741,30013,30031,2
742,30013,30032,1
743,30013,30033,5
744,30013,30035,68
745,30013,30036,12
746,30013,30037,4
747,30013,30038,19
748,30013,30039,8
749,30013,30040,10
750,30013,30041,7
751,30013,30042,57
752,30013,30043,199
753,30013,30044,44
754,30013,30045,3
755,30013,30046,19
756,30013,30047,10
757,30013,30048,61
758,30013,30049,19
759,30013,30050,8
760,30013,30051,2
761,30013,30052,7
762,30013,30053,4
763,30013,30054,11
764,30013,30055,41
765,30013,30056,6
766,30013,30060,31
767,30013,30061,37
768,30013,30064,22
769,30014,30000,6
770,30014,30001,42
771,30014,30002,11
772,30014,30003,2
773,30014,30004,2
774,30014,30005,4
775,30014,30006,6
776,30014,30007,7
777,30014,30008,13
778,30014,30009,19
779,30014,30010,1
780,30014,30011,9
781,30014,30013,4
782,30014,30014,62
783,30014,30015,3
784,30014,30017,4
785,30014,30018,4
786,30014,30019,14
787,30014,30020,5
788,30014,30021,1
789,30014,30022,2
790,30014,30023,4
791,30014,30024,9
792,30014,30025,5
793,30014,30026,5
794,30014,30027,26
795,30014,30029,1
796,30014,30030,3
797,30014,30031,4
798,30014,30032,2
799,30014,30033,28
800,30014,30034,4
801,30014,30036,3
802,30014,30037,18
803,30014,30038,62
804,30014,30039,4
805,30014,30040,2
806,30014,30041,9
807,30014,30042,2
808,30014,30043,5
809,30014,30044,3
810,30014,30045,166
811,30014,30046,15
812,30014,30047,4
813,30014,30048,2
814,30014,30049,5
815,30014,30051,1
816,30014,30052,2
817,30014,30053,2
818,30014,30055,4
819,30014,30057,1
820,30014,30058,2
821,30014,30060,6
822,30014,30061,2
823,30014,30063,1
824,30015,30000,40
825,30015,30001,21
826,30015,30002,15
827,30015,30004,7
828,30015,30005,30
829,30015,30006,30
830,30015,30007,17
831,30015,30008,5
832,30015,30009,61
833,30015,30011,24
834,30015,30012,4
835,30015,30013,11
836,30015,30014,18
837,30015,30015,202
838,30015,30016,6
839,30015,30018,9
840,30015,30019,47
841,30015,30020,1
842,30015,30021,23
843,30015,30022,1
844,30015,30023,2
845,30015,30024,155
846,30015,30025,12
847,30015,30026,44
848,30015,30027,103
849,30015,30028,21
850,30015,30029,27
851,30015,30030,52
852,30015,30031,24
853,30015,30032,17
854,30015,30033,5
855,30015,30034,37
856,30015,30035,8
857,30015,30036,93
858,30015,30037,27
859,30015,30038,17
860,30015,30039,21
861,30015,30040,8
862,30015,30041,1
863,30015,30042,46
864,30015,30043,12
865,30015,30044,3
866,30015,30045,20
867,30015,30046,74
868,30015,30047,20
869,30015,30048,2
870,30015,30049,7
871,30015,30050,22
872,30015,30051,18
873,30015,30052,13
874,30015,30053,5
875,30015,30054,2
876,30015,30055,50
877,30015,30056,10
878,30015,30057,22
879,30015,30058,74
880,30015,30060,31
881,30015,30063,4
882,30016,30000,22
883,30016,30001,3
884,30016,30002,3
885,30016,30003,3
886,30016,30004,109
887,30016,30005,22
888,30016,30006,131
889,30016,30007,14
890,30016,30008,14
891,30016,30009,17
892,30016,30010,19
893,30016,30011,18
894,30016,30012,17
895,30016,30013,80
896,30016,30014,4
897,30016,30015,8
898,30016,30016,238
899,30016,30017,49
900,30016,30018,33
901,30016,30020,131
902,30016,30021,12
903,30016,30022,48
904,30016,30023,3
905,30016,30024,11
906,30016,30025,3
907,30016,30027,1
908,30016,30028,7
909,30016,30029,35
910,30016,30030,10
911,30016,30031,1
912,30016,30032,2
913,30016,30033,1
914,30016,30035,107
915,30016,30036,27
916,30016,30037,1
917,30016,30038,1
918,30016,30039,12
919,30016,30040,42
920,30016,30041,2
921,30016,30042,184
922,30016,30043,153
923,30016,30044,110
924,30016,30045,6
925,30016,30046,45
926,30016,30047,16
927,30016,30048,107
928,30016,30049,14
929,30016,30050,13
930,30016,30051,17
931,30016,30052,46
932,30016,30053,15
933,30016,30054,2
934,30016,30055,47
935,30016,30056,8
936,30016,30060,15
937,30016,30061,55
938,30016,30062,15
939,30016,30063,5
940,30016,30064,9
941,30017,30000,8
942,30017,30001,5
943,30017,30002,2
944,30017,30004,41
945,30017,30005,6
946,30017,30006,147
947,30017,30007,11
948,30017,30008,14
949,30017,30009,5
950,30017,30010,15
951,30017,30011,3
952,30017,30012,10
953,30017,30013,230
954,30017,30014,10
955,30017,30015,3
956,30017,30016,46
957,30017,30017,113
958,30017,30018,48
959,30017,30019,2
960,30017,30020,78
961,30017,30021,11
962,30017,30022,100
963,30017,30023,6
964,30017,30024,1
965,30017,30025,2
966,30017,30026,3
967,30017,30027,8
968,30017,30028,1
969,30017,30029,12
970,30017,30030,3
971,30017,30031,2
972,30017,30033,1
973,30017,30035,70
974,30017,30036,8
975,30017,30037,5
976,30017,30038,4
977,30017,30039,17
978,30017,30040,23
979,30017,30041,3
980,30017,30042,59
981,30017,30043,78
982,30017,30044,62
983,30017,30045,8
984,30017,30046,17
985,30017,30047,6
986,30017,30048,30
987,30017,30049,77
988,30017,30050,5
989,30017,30051,1
990,30017,30052,22
991,30017,30053,8
992,30017,30054,3
993,30017,30055,125
994,30017,30056,7
995,30017,30057,7
996,30017,30058,5
997,30017,30060,89
998,30017,30061,47
999,30017,30062,4
1000,30017,30063,19
1001,30017,30064,17
1002,30018,30000,15
1003,30018,30001,9
1004,30018,30002,1
1005,30018,30004,11
1006,30018,30005,9
1007,30018,30006,48
1008,30018,30007,2
1009,30018,30008,26
1010,30018,30009,3
1011,30018,30010,1
1012,30018,30011,2
1013,30018,30012,10
1014,30018,30013,23
1015,30018,30014,8
1016,30018,30015,4
1017,30018,30016,19
1018,30018,30017,40
1019,30018,30018,120
1020,30018,30019,1
1021,30018,30020,38
1022,30018,30021,5
1023,30018,30022,34
1024,30018,30023,3
1025,30018,30024,3
1026,30018,30025,7
1027,30018,30027,15
1028,30018,30028,3
1029,30018,30029,108
1030,30018,30030,4
1031,30018,30031,3
1032,30018,30032,1
1033,30018,30033,8
1034,30018,30035,18
1035,30018,30036,13
1036,30018,30037,11
1037,30018,30038,6
1038,30018,30039,16
1039,30018,30040,28
1040,30018,30041,5
1041,30018,30042,22
1042,30018,30043,34
1043,30018,30044,21
1044,30018,30045,4
1045,30018,30046,9
1046,30018,30047,2
1047,30018,30048,13
1048,30018,30049,55
1049,30018,30050,3
1050,30018,30051,9
1051,30018,30052,17
1052,30018,30053,2
1053,30018,30054,13
1054,30018,30055,9
1055,30018,30056,3
1056,30018,30057,6
1057,30018,30058,5
1058,30018,30060,15
1059,30018,30061,8
1060,30018,30062,2
1061,30018,30064,58
1062,30019,30000,18
1063,30019,30001,18
1064,30019,30002,16
1065,30019,30003,2
1066,30019,30004,4
1067,30019,30005,9
1068,30019,30006,12
1069,30019,30007,65
1070,30019,30008,13
1071,30019,30009,150
1072,30019,30011,28
1073,30019,30012,10
1074,30019,30013,2
1075,30019,30014,14
1076,30019,30015,61
1077,30019,30016,1
1078,30019,30017,5
1079,30019,30018,1
1080,30019,30019,123
1081,30019,30020,1
1082,30019,30021,4
1083,30019,30022,2
1084,30019,30024,600
1085,30019,30025,193
1086,30019,30026,198
1087,30019,30027,91
1088,30019,30028,4
1089,30019,30029,3
1090,30019,30030,12
1091,30019,30031,84
1092,30019,30032,76
1093,30019,30033,4
1094,30019,30034,129
1095,30019,30035,2
1096,30019,30036,11
1097,30019,30037,17
1098,30019,30038,8
1099,30019,30039,6
1100,30019,30040,1
1101,30019,30041,1
1102,30019,30042,14
1103,30019,30043,7
1104,30019,30044,2
1105,30019,30045,19
1106,30019,30046,33
1107,30019,30047,9
1108,30019,30048,4
1109,30019,30049,3
1110,30019,30050,8
1111,30019,30051,3
1112,30019,30052,4
1113,30019,30053,9
1114,30019,30054,1
1115,30019,30055,6
1116,30019,30056,3
1117,30019,30057,72
1118,30019,30058,215
1119,30019,30060,2
1120,30019,30063,1
1121,30019,30064,7
1122,30020,30000,6
1123,30020,30001,17
1124,30020,30004,23
1125,30020,30005,10
1126,30020,30006,80
1127,30020,30007,9
1128,30020,30008,48
1129,30020,30009,13
1130,30020,30010,10
1131,30020,30011,8
1132,30020,30012,12
1133,30020,30013,70
1134,30020,30014,7
1135,30020,30015,1
1136,30020,30016,94
1137,30020,30017,62
1138,30020,30018,19
1139,30020,30019,1
1140,30020,30020,450
1141,30020,30021,4
1142,30020,30022,118
1143,30020,30023,4
1144,30020,30024,8
1145,30020,30027,2
1146,30020,30028,5
1147,30020,30029,7
1148,30020,30030,11
1149,30020,30033,1
1150,30020,30034,1
1151,30020,30035,56
1152,30020,30036,4
1153,30020,30037,7
1154,30020,30038,16
1155,30020,30039,4
1156,30020,30040,9
1157,30020,30041,2
1158,30020,30042,34
1159,30020,30043,180
1160,30020,30044,133
1161,30020,30045,4
1162,30020,30046,13
1163,30020,30047,12
1164,30020,30048,127
1165,30020,30049,10
1166,30020,30050,2
1167,30020,30051,7
1168,30020,30052,36
1169,30020,30053,13
1170,30020,30054,7
1171,30020,30055,53
1172,30020,30056,7
1173,30020,30058,2
1174,30020,30060,11
1175,30020,30061,29
1176,30020,30062,1
1177,30020,30063,3
1178,30020,30064,15
1179,30021,30000,71
1180,30021,30001,4
1181,30021,30003,3
1182,30021,30004,78
1183,30021,30005,48
1184,30021,30006,97
1185,30021,30007,11
1186,30021,30008,10
1187,30021,30009,19
1188,30021,30010,33
1189,30021,30011,156
1190,30021,30012,4
1191,30021,30013,5
1192,30021,30014,3
1193,30021,30015,19
1194,30021,30016,19
1195,30021,30017,2
1196,30021,30018,5
1197,30021,30019,1
1198,30021,30020,10
1199,30021,30021,130
1200,30021,30022,8
1201,30021,30023,1
1202,30021,30024,1
1203,30021,30025,1
1204,30021,30026,4
1205,30021,30027,4
1206,30021,30028,33
1207,30021,30029,67
1208,30021,30030,47
1209,30021,30031,7
1210,30021,30032,2
1211,30021,30035,39
1212,30021,30036,30
1213,30021,30037,8
1214,30021,30038,3
1215,30021,30039,11
1216,30021,30040,33
1217,30021,30041,3
1218,30021,30042,101
1219,30021,30043,10
1220,30021,30044,5
1221,30021,30045,20
1222,30021,30046,73
1223,30021,30047,58
1224,30021,30048,5
1225,30021,30049,11
1226,30021,30050,19
1227,30021,30051,9
1228,30021,30052,15
1229,30021,30053,30
1230,30021,30055,36
1231,30021,30056,53
1232,30021,30057,1
1233,30021,30058,3
1234,30021,30060,7
1235,30021,30061,6
1236,30021,30062,2
1237,30021,30063,3
1238,30021,30064,2
1239,30022,30000,6
1240,30022,30001,7
1241,30022,30004,20
1242,30022,30005,6
1243,30022,30006,25
1244,30022,30007,4
1245,30022,30008,18
1246,30022,30009,1
1247,30022,30010,12
1248,30022,30011,4
1249,30022,30012,8
1250,30022,30013,123
1251,30022,30014,8
1252,30022,30016,39
1253,30022,30017,91
1254,30022,30018,31
1255,30022,30020,91
1256,30022,30021,7
1257,30022,30022,150
1258,30022,30024,3
1259,30022,30027,5
1260,30022,30028,2
1261,30022,30029,4
1262,30022,30030,2
1263,30022,30032,1
1264,30022,30033,2
1265,30022,30035,24
1266,30022,30036,10
1267,30022,30037,7
1268,30022,30038,8
1269,30022,30039,12
1270,30022,30040,5
1271,30022,30041,2
1272,30022,30042,26
1273,30022,30043,89
1274,30022,30044,51
1275,30022,30045,3
1276,30022,30046,1
1277,30022,30047,5
1278,30022,30048,38
1279,30022,30049,25
1280,30022,30050,2
1281,30022,30051,4
1282,30022,30052,25
1283,30022,30053,12
1284,30022,30054,2
1285,30022,30055,24
1286,30022,30056,4
1287,30022,30060,18
1288,30022,30061,15
1289,30022,30063,3
1290,30022,30064,30
1291,30023,30001,10
1292,30023,30004,1
1293,30023,30005,2
1294,30023,30006,1
1295,30023,30007,2
1296,30023,30008,78
1297,30023,30009,4
1298,30023,30011,4
1299,30023,30012,1
1300,30023,30013,6
1301,30023,30014,4
1302,30023,30015,1
1303,30023,30017,1
1304,30023,30018,3
1305,30023,30020,4
1306,30023,30021,1
1307,30023,30022,3
1308,30023,30023,31
1309,30023,30029,7
1310,30023,30033,14
1311,30023,30036,1
1312,30023,30038,1
1313,30023,30039,3
1314,30023,30040,9
1315,30023,30041,18
1316,30023,30042,4
1317,30023,30043,31
1318,30023,30045,3
1319,30023,30047,1
1320,30023,30049,4
1321,30023,30051,3
1322,30023,30052,1
1323,30023,30054,31
1324,30023,30055,3
1325,30023,30056,1
1326,30023,30057,2
1327,30023,30060,1
1328,30023,30063,5
1329,30023,30064,3
1330,30024,30000,46
1331,30024,30001,76
1332,30024,30002,21
1333,30024,30004,7
1334,30024,30005,28
1335,30024,30006,14
1336,30024,30007,3
1337,30024,30008,10
1338,30024,30009,154
1339,30024,30011,10
1340,30024,30013,4
1341,30024,30014,25
1342,30024,30015,137
1343,30024,30016,2
1344,30024,30017,9
1345,30024,30018,1
1346,30024,30019,541
1347,30024,30020,5
1348,30024,30021,5
1349,30024,30022,3
1350,30024,30023,2
1351,30024,30024,112
1352,30024,30025,117
1353,30024,30026,63
1354,30024,30027,318
1355,30024,30028,11
1356,30024,30029,14
1357,30024,30030,23
1358,30024,30031,62
1359,30024,30032,21
1360,30024,30033,1
1361,30024,30034,39
1362,30024,30035,5
1363,30024,30036,17
1364,30024,30037,69
1365,30024,30038,26
1366,30024,30039,11
1367,30024,30040,8
1368,30024,30041,1
1369,30024,30042,13
1370,30024,30043,11
1371,30024,30045,33
1372,30024,30046,110
1373,30024,30047,24
1374,30024,30048,1
1375,30024,30050,19
1376,30024,30051,5
1377,30024,30052,4
1378,30024,30053,2
1379,30024,30055,11
1380,30024,30056,1
1381,30024,30057,63
1382,30024,30058,51
1383,30024,30060,1
1384,30024,30061,1
1385,30024,30063,3
1386,30024,30064,3
1387,30025,30000,24
1388,30025,30001,32
1389,30025,30002,6
1390,30025,30004,3
1391,30025,30005,14
1392,30025,30006,5
1393,30025,30007,1
1394,30025,30008,4
1395,30025,30009,193
1396,30025,30010,2
1397,30025,30011,8
1398,30025,30013,3
1399,30025,30014,2
1400,30025,30015,22
1401,30025,30016,3
1402,30025,30017,1
1403,30025,30018,3
1404,30025,30019,152
1405,30025,30020,2
1406,30025,30021,4
1407,30025,30022,6
1408,30025,30024,125
1409,30025,30025,89
1410,30025,30026,75
1411,30025,30027,84
1412,30025,30028,9
1413,30025,30029,1
1414,30025,30030,15
1415,30025,30031,76
1416,30025,30032,43
1417,30025,30033,2
1418,30025,30034,32
1419,30025,30036,7
1420,30025,30037,18
1421,30025,30038,4
1422,30025,30039,1
1423,30025,30042,9
1424,30025,30043,2
1425,30025,30045,19
1426,30025,30046,34
1427,30025,30047,19
1428,30025,30049,9
1429,30025,30050,2
1430,30025,30051,2
1431,30025,30052,6
1432,30025,30053,1
1433,30025,30055,8
1434,30025,30057,78
1435,30025,30058,46
1436,30025,30064,1
1437,30026,30000,17
1438,30026,30001,14
1439,30026,30002,11
1440,30026,30004,5
1441,30026,30005,16
1442,30026,30006,5
1443,30026,30007,4
1444,30026,30008,3
1445,30026,30009,272
1446,30026,30011,39
1447,30026,30012,1
1448,30026,30013,5
1449,30026,30014,7
1450,30026,30015,21
1451,30026,30016,1
1452,30026,30017,2
1453,30026,30018,3
1454,30026,30019,180
1455,30026,30021,2
1456,30026,30024,35
1457,30026,30025,82
1458,30026,30026,60
1459,30026,30027,231
1460,30026,30029,3
1461,30026,30030,1
1462,30026,30031,30
1463,30026,30032,92
1464,30026,30034,51
1465,30026,30035,2
1466,30026,30036,2
1467,30026,30037,8
1468,30026,30038,7
1469,30026,30039,1
1470,30026,30040,3
1471,30026,30041,2
1472,30026,30042,6
1473,30026,30043,4
1474,30026,30044,2
1475,30026,30045,8
1476,30026,30046,10
1477,30026,30047,9
1478,30026,30048,1
1479,30026,30050,1
1480,30026,30051,1
1481,30026,30053,6
1482,30026,30055,2
1483,30026,30057,15
1484,30026,30058,45
1485,30026,30060,6
1486,30026,30064,1
1487,30027,30000,34
1488,30027,30001,33
1489,30027,30002,32
1490,30027,30003,1
1491,30027,30004,4
1492,30027,30005,35
1493,30027,30006,4
1494,30027,30007,17
1495,30027,30008,7
1496,30027,30009,105
1497,30027,30011,64
1498,30027,30012,6
1499,30027,30013,5
1500,30027,30014,36
1501,30027,30015,106
1502,30027,30016,4
1503,30027,30017,10
1504,30027,30018,8
1505,30027,30019,113
1506,30027,30020,3
1507,30027,30021,16
1508,30027,30022,3
1509,30027,30023,1
1510,30027,30024,353
1511,30027,30025,58
1512,30027,30026,205
1513,30027,30027,122
1514,30027,30028,8
1515,30027,30029,7
1516,30027,30030,8
1517,30027,30031,38
1518,30027,30032,33
1519,30027,30033,6
1520,30027,30034,42
1521,30027,30035,3
1522,30027,30036,5
1523,30027,30037,24
1524,30027,30038,8
1525,30027,30039,5
1526,30027,30040,5
1527,30027,30041,4
1528,30027,30042,34
1529,30027,30043,2
1530,30027,30044,1
1531,30027,30045,66
1532,30027,30046,65
1533,30027,30047,99
1534,30027,30048,4
1535,30027,30049,4
1536,30027,30050,6
1537,30027,30051,14
1538,30027,30052,3
1539,30027,30053,1
1540,30027,30054,2
1541,30027,30055,3
1542,30027,30057,73
1543,30027,30058,217
1544,30027,30060,6
1545,30027,30062,1
1546,30027,30063,1
1547,30027,30064,5
1548,30028,30000,53
1549,30028,30001,3
1550,30028,30002,1
1551,30028,30003,2
1552,30028,30004,28
1553,30028,30005,56
1554,30028,30006,81
1555,30028,30007,28
1556,30028,30009,15
1557,30028,30010,14
1558,30028,30011,99
1559,30028,30012,13
1560,30028,30013,4
1561,30028,30015,13
1562,30028,30016,10
1563,30028,30017,3
1564,30028,30018,3
1565,30028,30020,6
1566,30028,30021,42
1567,30028,30022,1
1568,30028,30024,7
1569,30028,30025,6
1570,30028,30027,3
1571,30028,30028,174
1572,30028,30029,50
1573,30028,30030,81
1574,30028,30031,4
1575,30028,30032,2
1576,30028,30035,104
1577,30028,30036,51
1578,30028,30037,1
1579,30028,30038,1
1580,30028,30039,23
1581,30028,30040,30
1582,30028,30041,3
1583,30028,30042,98
1584,30028,30043,4
1585,30028,30045,10
1586,30028,30046,51
1587,30028,30047,74
1588,30028,30048,8
1589,30028,30049,6
1590,30028,30050,25
1591,30028,30051,9
1592,30028,30052,24
1593,30028,30053,36
1594,30028,30054,1
1595,30028,30055,44
1596,30028,30056,32
1597,30028,30058,1
1598,30028,30060,3
1599,30028,30061,2
1600,30028,30062,3
1601,30028,30063,1
1602,30028,30064,1
1603,30029,30000,73
1604,30029,30001,46
1605,30029,30002,1
1606,30029,30004,43
1607,30029,30005,64
1608,30029,30006,130
1609,30029,30007,39
1610,30029,30008,16
1611,30029,30009,13
1612,30029,30010,10
1613,30029,30011,143
1614,30029,30012,22
1615,30029,30013,12
1616,30029,30014,3
1617,30029,30015,29
1618,30029,30016,41
1619,30029,30017,18
1620,30029,30018,71
1621,30029,30019,7
1622,30029,30020,19
1623,30029,30021,37
1624,30029,30022,4
1625,30029,30023,6
1626,30029,30024,6
1627,30029,30027,15
1628,30029,30028,51
1629,30029,30029,257
1630,30029,30030,87
1631,30029,30031,11
1632,30029,30032,2
1633,30029,30033,19
1634,30029,30034,1
1635,30029,30035,29
1636,30029,30036,50
1637,30029,30037,29
1638,30029,30038,38
1639,30029,30039,149
1640,30029,30040,69
1641,30029,30041,85
1642,30029,30042,263
1643,30029,30043,11
1644,30029,30044,11
1645,30029,30045,24
1646,30029,30046,133
1647,30029,30047,73
1648,30029,30048,42
1649,30029,30049,18
1650,30029,30050,62
1651,30029,30051,56
1652,30029,30052,26
1653,30029,30053,24
1654,30029,30054,3
1655,30029,30055,128
1656,30029,30056,37
1657,30029,30058,3
1658,30029,30060,20
1659,30029,30061,4
1660,30029,30062,4
1661,30029,30063,11
1662,30029,30064,3
1663,30030,30000,63
1664,30030,30001,8
1665,30030,30002,2
1666,30030,30003,1
1667,30030,30004,31
1668,30030,30005,37
1669,30030,30006,41
1670,30030,30007,4
1671,30030,30008,8
1672,30030,30009,10
1673,30030,30010,21
1674,30030,30011,73
1675,30030,30012,6
1676,30030,30013,24
1677,30030,30014,1
1678,30030,30015,89
1679,30030,30016,13
1680,30030,30017,5
1681,30030,30018,5
1682,30030,30019,6
1683,30030,30020,3
1684,30030,30021,33
1685,30030,30024,11
1686,30030,30025,11
1687,30030,30026,2
1688,30030,30027,12
1689,30030,30028,44
1690,30030,30029,99
1691,30030,30030,187
1692,30030,30031,21
1693,30030,30032,13
1694,30030,30033,4
1695,30030,30035,21
1696,30030,30036,113
1697,30030,30037,6
1698,30030,30038,7
1699,30030,30039,7
1700,30030,30040,55
1701,30030,30041,3
1702,30030,30042,183
1703,30030,30043,3
1704,30030,30044,2
1705,30030,30045,9
1706,30030,30046,105
1707,30030,30047,120
1708,30030,30048,3
1709,30030,30049,1
1710,30030,30050,157
1711,30030,30051,33
1712,30030,30052,30
1713,30030,30053,50
1714,30030,30054,1
1715,30030,30055,78
1716,30030,30056,11
1717,30030,30057,6
1718,30030,30058,5
1719,30030,30059,1
1720,30030,30060,7
1721,30030,30061,2
1722,30030,30062,1
1723,30030,30063,3
1724,30031,30000,25
1725,30031,30001,18
1726,30031,30004,1
1727,30031,30005,15
1728,30031,30006,6
1729,30031,30007,3
1730,30031,30008,14
1731,30031,30009,95
1732,30031,30011,15
1733,30031,30014,12
1734,30031,30015,18
1735,30031,30016,3
1736,30031,30018,2
1737,30031,30019,56
1738,30031,30020,2
1739,30031,30021,7
1740,30031,30024,48
1741,30031,30025,60
1742,30031,30026,39
1743,30031,30027,27
1744,30031,30028,6
1745,30031,30029,2
1746,30031,30030,15
1747,30031,30031,187
1748,30031,30032,86
1749,30031,30033,1
1750,30031,30034,56
1751,30031,30036,16
1752,30031,30037,7
1753,30031,30038,11
1754,30031,30039,4
1755,30031,30040,6
1756,30031,30042,10
1757,30031,30043,4
1758,30031,30044,1
1759,30031,30045,24
1760,30031,30046,44
1761,30031,30047,13
1762,30031,30048,3
1763,30031,30050,6
1764,30031,30051,7
1765,30031,30052,1
1766,30031,30053,5
1767,30031,30054,2
1768,30031,30055,10
1769,30031,30056,1
1770,30031,30057,41
1771,30031,30058,54
1772,30031,30060,2
1773,30032,30000,26
1774,30032,30001,6
1775,30032,30002,2
1776,30032,30004,5
1777,30032,30005,25
1778,30032,30006,2
1779,30032,30007,1
1780,30032,30009,83
1781,30032,30010,20
1782,30032,30011,5
1783,30032,30012,1
1784,30032,30014,1
1785,30032,30015,16
1786,30032,30016,4
1787,30032,30017,2
1788,30032,30019,36
1789,30032,30021,2
1790,30032,30024,34
1791,30032,30025,38
1792,30032,30026,67
1793,30032,30027,11
1794,30032,30028,4
1795,30032,30029,1
1796,30032,30030,16
1797,30032,30031,69
1798,30032,30032,109
1799,30032,30033,1
1800,30032,30034,17
1801,30032,30036,13
1802,30032,30037,5
1803,30032,30038,3
1804,30032,30039,5
1805,30032,30040,20
1806,30032,30042,7
1807,30032,30043,3
1808,30032,30045,5
1809,30032,30046,19
1810,30032,30047,24
1811,30032,30051,4
1812,30032,30052,4
1813,30032,30055,7
1814,30032,30056,2
1815,30032,30057,17
1816,30032,30058,30
1817,30032,30060,1
1818,30032,30063,9
1819,30032,30064,2
1820,30033,30000,5
1821,30033,30001,20
1822,30033,30004,9
1823,30033,30006,2
1824,30033,30007,8
1825,30033,30008,20
1826,30033,30009,4
1827,30033,30012,1
1828,30033,30013,4
1829,30033,30014,18
1830,30033,30015,8
1831,30033,30016,1
1832,30033,30017,3
1833,30033,30018,14
1834,30033,30020,2
1835,30033,30022,2
1836,30033,30023,31
1837,30033,30024,1
1838,30033,30026,1
1839,30033,30027,6
1840,30033,30029,2
1841,30033,30030,3
1842,30033,30031,1
1843,30033,30032,1
1844,30033,30033,39
1845,30033,30034,1
1846,30033,30035,6
1847,30033,30036,2
1848,30033,30037,5
1849,30033,30038,24
1850,30033,30039,3
1851,30033,30040,5
1852,30033,30041,28
1853,30033,30042,7
1854,30033,30043,5
1855,30033,30044,2
1856,30033,30045,9
1857,30033,30046,11
1858,30033,30048,1
1859,30033,30049,2
1860,30033,30052,3
1861,30033,30054,6
1862,30033,30055,3
1863,30033,30060,5
1864,30033,30061,2
1865,30033,30063,16
1866,30033,30064,6
1867,30034,30000,15
1868,30034,30001,114
1869,30034,30002,16
1870,30034,30004,3
1871,30034,30005,26
1872,30034,30006,2
1873,30034,30007,4
1874,30034,30008,3
1875,30034,30009,71
1876,30034,30011,6
1877,30034,30013,3
1878,30034,30014,7
1879,30034,30015,45
1880,30034,30016,2
1881,30034,30017,1
1882,30034,30019,91
1883,30034,30020,1
1884,30034,30023,2
1885,30034,30024,31
1886,30034,30025,21
1887,30034,30026,28
1888,30034,30027,58
1889,30034,30028,1
1890,30034,30029,2
1891,30034,30030,4
1892,30034,30031,82
1893,30034,30032,20
1894,30034,30033,3
1895,30034,30034,77
1896,30034,30036,5
1897,30034,30037,3
1898,30034,30038,4
1899,30034,30039,5
1900,30034,30040,1
1901,30034,30042,2
1902,30034,30043,15
1903,30034,30044,4
1904,30034,30045,22
1905,30034,30046,15
1906,30034,30047,17
1907,30034,30050,5
1908,30034,30051,2
1909,30034,30052,2
1910,30034,30053,5
1911,30034,30054,3
1912,30034,30055,2
1913,30034,30056,19
1914,30034,30057,18
1915,30034,30058,39
1916,30034,30061,1
1917,30034,30063,6
1918,30035,30000,56
1919,30035,30001,6
1920,30035,30003,3
1921,30035,30004,81
1922,30035,30005,28
1923,30035,30006,185
1924,30035,30007,17
1925,30035,30008,4
1926,30035,30009,9
1927,30035,30010,39
1928,30035,30011,30
1929,30035,30012,21
1930,30035,30013,56
1931,30035,30014,4
1932,30035,30015,6
1933,30035,30016,140
1934,30035,30017,67
1935,30035,30018,21
1936,30035,30020,66
1937,30035,30021,31
1938,30035,30022,26
1939,30035,30027,1
1940,30035,30028,33
1941,30035,30029,31
1942,30035,30030,16
1943,30035,30033,7
1944,30035,30035,284
1945,30035,30036,57
1946,30035,30038,4
1947,30035,30039,9
1948,30035,30040,56
1949,30035,30041,5
1950,30035,30042,118
1951,30035,30043,87
1952,30035,30044,48
1953,30035,30045,2
1954,30035,30046,48
1955,30035,30047,33
1956,30035,30048,74
1957,30035,30049,15
1958,30035,30050,26
1959,30035,30051,7
1960,30035,30052,46
1961,30035,30053,21
1962,30035,30054,2
1963,30035,30055,67
1964,30035,30056,29
1965,30035,30057,2
1966,30035,30058,2
1967,30035,30059,2
1968,30035,30060,18
1969,30035,30061,28
1970,30035,30062,22
1971,30035,30063,5
1972,30035,30064,1
1973,30036,30000,182
1974,30036,30001,9
1975,30036,30002,5
1976,30036,30003,2
1977,30036,30004,41
1978,30036,30005,118
1979,30036,30006,131
1980,30036,30007,36
1981,30036,30008,5
1982,30036,30009,61
1983,30036,30010,26
1984,30036,30011,190
1985,30036,30012,13
1986,30036,30013,6
1987,30036,30014,5
1988,30036,30015,104
1989,30036,30016,27
1990,30036,30017,37
1991,30036,30018,9
1992,30036,30019,5
1993,30036,30020,5
1994,30036,30021,55
1995,30036,30022,9
1996,30036,30023,1
1997,30036,30024,4
1998,30036,30025,15
1999,30036,30026,8
2000,30036,30027,9
2001,30036,30028,50
2002,30036,30029,48
2003,30036,30030,189
2004,30036,30031,17
2005,30036,30032,11
2006,30036,30033,4
2007,30036,30034,5
2008,30036,30035,30
2009,30036,30036,206
2010,30036,30037,11
2011,30036,30038,1
2012,30036,30039,24
2013,30036,30040,59
2014,30036,30041,4
2015,30036,30042,140
2016,30036,30043,14
2017,30036,30044,6
2018,30036,30045,11
2019,30036,30046,152
2020,30036,30047,78
2021,30036,30048,9
2022,30036,30049,21
2023,30036,30050,51
2024,30036,30051,14
2025,30036,30052,83
2026,30036,30053,14
2027,30036,30054,2
2028,30036,30055,55
2029,30036,30056,36
2030,30036,30057,14
2031,30036,30058,10
2032,30036,30059,1
2033,30036,30060,36
2034,30036,30061,5
2035,30036,30062,1
2036,30036,30063,9
2037,30036,30064,8
2038,30037,30000,10
2039,30037,30001,18
2040,30037,30002,29
2041,30037,30003,1
2042,30037,30004,2
2043,30037,30005,9
2044,30037,30006,14
2045,30037,30007,4
2046,30037,30008,22
2047,30037,30009,11
2048,30037,30011,11
2049,30037,30012,3
2050,30037,30013,6
2051,30037,30014,29
2052,30037,30015,38
2053,30037,30016,2
2054,30037,30017,8
2055,30037,30018,9
2056,30037,30019,41
2057,30037,30020,1
2058,30037,30021,5
2059,30037,30022,12
2060,30037,30023,2
2061,30037,30024,54
2062,30037,30025,7
2063,30037,30026,2
2064,30037,30027,16
2065,30037,30028,7
2066,30037,30029,20
2067,30037,30030,10
2068,30037,30031,7
2069,30037,30033,5
2070,30037,30034,1
2071,30037,30035,2
2072,30037,30036,15
2073,30037,30037,34
2074,30037,30038,42
2075,30037,30039,5
2076,30037,30040,1
2077,30037,30041,2
2078,30037,30042,9
2079,30037,30043,6
2080,30037,30044,1
2081,30037,30045,11
2082,30037,30046,12
2083,30037,30047,13
2084,30037,30048,1
2085,30037,30049,8
2086,30037,30050,8
2087,30037,30051,2
2088,30037,30052,10
2089,30037,30054,2
2090,30037,30055,10
2091,30037,30057,1
2092,30037,30058,13
2093,30037,30060,6
2094,30037,30061,6
2095,30037,30062,1
2096,30037,30063,12
2097,30037,30064,9
2098,30038,30000,12
2099,30038,30001,23
2100,30038,30002,4
2101,30038,30004,3
2102,30038,30005,11
2103,30038,30006,5
2104,30038,30007,2
2105,30038,30008,33
2106,30038,30009,19
2107,30038,30010,5
2108,30038,30011,39
2109,30038,30012,1
2110,30038,30013,29
2111,30038,30014,38
2112,30038,30015,12
2113,30038,30016,1
2114,30038,30017,10
2115,30038,30018,4
2116,30038,30019,7
2117,30038,30020,6
2118,30038,30021,7
2119,30038,30022,8
2120,30038,30023,1
2121,30038,30024,24
2122,30038,30025,5
2123,30038,30026,8
2124,30038,30027,8
2125,30038,30028,7
2126,30038,30029,35
2127,30038,30030,8
2128,30038,30031,8
2129,30038,30032,2
2130,30038,30033,11
2131,30038,30034,11
2132,30038,30036,2
2133,30038,30037,88
2134,30038,30038,20
2135,30038,30039,9
2136,30038,30040,1
2137,30038,30041,8
2138,30038,30042,1
2139,30038,30043,12
2140,30038,30044,8
2141,30038,30045,24
2142,30038,30046,17
2143,30038,30047,4
2144,30038,30048,8
2145,30038,30049,4
2146,30038,30050,2
2147,30038,30051,5
2148,30038,30054,2
2149,30038,30055,4
2150,30038,30056,1
2151,30038,30058,5
2152,30038,30060,5
2153,30038,30063,2
2154,30038,30064,3
2155,30039,30000,41
2156,30039,30001,7
2157,30039,30002,1
2158,30039,30004,10
2159,30039,30005,7
2160,30039,30006,28
2161,30039,30007,19
2162,30039,30008,13
2163,30039,30009,14
2164,30039,30010,7
2165,30039,30011,30
2166,30039,30012,3
2167,30039,30013,11
2168,30039,30014,8
2169,30039,30015,22
2170,30039,30016,18
2171,30039,30017,4
2172,30039,30018,6
2173,30039,30019,4
2174,30039,30020,3
2175,30039,30021,21
2176,30039,30022,2
2177,30039,30023,1
2178,30039,30024,9
2179,30039,30025,1
2180,30039,30026,7
2181,30039,30027,7
2182,30039,30028,15
2183,30039,30029,135
2184,30039,30030,14
2185,30039,30031,7
2186,30039,30032,7
2187,30039,30033,10
2188,30039,30034,3
2189,30039,30035,8
2190,30039,30036,21
2191,30039,30037,14
2192,30039,30038,15
2193,30039,30039,92
2194,30039,30040,10
2195,30039,30041,11
2196,30039,30042,67
2197,30039,30043,3
2198,30039,30044,2
2199,30039,30045,63
2200,30039,30046,95
2201,30039,30047,13
2202,30039,30049,4
2203,30039,30050,2
2204,30039,30051,27
2205,30039,30052,9
2206,30039,30053,13
2207,30039,30054,1
2208,30039,30055,123
2209,30039,30056,4
2210,30039,30057,2
2211,30039,30058,1
2212,30039,30060,4
2213,30039,30061,1
2214,30039,30062,3
2215,30039,30063,51
2216,30040,30000,60
2217,30040,30001,5
2218,30040,30002,2
2219,30040,30003,2
2220,30040,30004,39
2221,30040,30005,18
2222,30040,30006,71
2223,30040,30007,55
2224,30040,30008,23
2225,30040,30009,18
2226,30040,30010,21
2227,30040,30011,47
2228,30040,30012,61
2229,30040,30013,16
2230,30040,30014,3
2231,30040,30015,10
2232,30040,30016,61
2233,30040,30017,36
2234,30040,30018,20
2235,30040,30019,5
2236,30040,30020,22
2237,30040,30021,24
2238,30040,30022,20
2239,30040,30023,1
2240,30040,30024,8
2241,30040,30025,4
2242,30040,30026,3
2243,30040,30027,16
2244,30040,30028,28
2245,30040,30029,47
2246,30040,30030,30
2247,30040,30031,6
2248,30040,30032,15
2249,30040,30035,42
2250,30040,30036,45
2251,30040,30037,4
2252,30040,30038,3
2253,30040,30039,17
2254,30040,30040,450
2255,30040,30041,3
2256,30040,30042,83
2257,30040,30043,52
2258,30040,30044,17
2259,30040,30045,4
2260,30040,30046,61
2261,30040,30047,32
2262,30040,30048,11
2263,30040,30049,28
2264,30040,30050,27
2265,30040,30051,17
2266,30040,30052,26
2267,30040,30053,17
2268,30040,30054,1
2269,30040,30055,34
2270,30040,30056,24
2271,30040,30058,1
2272,30040,30059,34
2273,30040,30060,15
2274,30040,30061,8
2275,30040,30062,2
2276,30040,30063,5
2277,30040,30064,4
2278,30041,30000,10
2279,30041,30001,2
2280,30041,30002,1
2281,30041,30004,4
2282,30041,30005,1
2283,30041,30006,4
2284,30041,30007,12
2285,30041,30008,23
2286,30041,30009,8
2287,30041,30012,4
2288,30041,30013,10
2289,30041,30014,8
2290,30041,30015,2
2291,30041,30016,3
2292,30041,30017,9
2293,30041,30018,13
2294,30041,30019,2
2295,30041,30020,10
2296,30041,30021,1
2297,30041,30022,9
2298,30041,30023,7
2299,30041,30024,1
2300,30041,30027,1
2301,30041,30029,62
2302,30041,30030,1
2303,30041,30033,70
2304,30041,30036,3
2305,30041,30038,6
2306,30041,30039,7
2307,30041,30040,5
2308,30041,30041,40
2309,30041,30042,65
2310,30041,30043,20
2311,30041,30044,3
2312,30041,30045,9
2313,30041,30046,12
2314,30041,30047,2
2315,30041,30048,18
2316,30041,30049,2
2317,30041,30050,2
2318,30041,30051,8
2319,30041,30052,4
2320,30041,30053,1
2321,30041,30054,13
2322,30041,30055,1
2323,30041,30060,19
2324,30041,30062,1
2325,30041,30063,5
2326,30041,30064,6
2327,30042,30000,146
2328,30042,30001,14
2329,30042,30002,3
2330,30042,30003,2
2331,30042,30004,44
2332,30042,30005,155
2333,30042,30006,181
2334,30042,30007,70
2335,30042,30008,20
2336,30042,30009,43
2337,30042,30010,40
2338,30042,30011,487
2339,30042,30012,42
2340,30042,30013,55
2341,30042,30014,6
2342,30042,30015,48
2343,30042,30016,152
2344,30042,30017,62
2345,30042,30018,31
2346,30042,30019,10
2347,30042,30020,53
2348,30042,30021,135
2349,30042,30022,26
2350,30042,30023,5
2351,30042,30024,15
2352,30042,30025,15
2353,30042,30026,9
2354,30042,30027,48
2355,30042,30028,88
2356,30042,30029,178
2357,30042,30030,177
2358,30042,30031,13
2359,30042,30032,8
2360,30042,30033,7
2361,30042,30034,10
2362,30042,30035,148
2363,30042,30036,140
2364,30042,30037,8
2365,30042,30038,7
2366,30042,30039,45
2367,30042,30040,49
2368,30042,30041,77
2369,30042,30042,440
2370,30042,30043,30
2371,30042,30044,28
2372,30042,30045,8
2373,30042,30046,227
2374,30042,30047,118
2375,30042,30048,46
2376,30042,30049,94
2377,30042,30050,130
2378,30042,30051,74
2379,30042,30052,97
2380,30042,30053,20
2381,30042,30054,1
2382,30042,30055,78
2383,30042,30056,91
2384,30042,30057,1
2385,30042,30058,6
2386,30042,30059,1
2387,30042,30060,121
2388,30042,30061,17
2389,30042,30062,28
2390,30042,30063,34
2391,30042,30064,18
2392,30043,30000,8
2393,30043,30001,25
2394,30043,30002,7
2395,30043,30004,38
2396,30043,30005,2
2397,30043,30006,132
2398,30043,30007,9
2399,30043,30008,126
2400,30043,30009,5
2401,30043,30010,19
2402,30043,30011,15
2403,30043,30012,8
2404,30043,30013,159
2405,30043,30014,6
2406,30043,30015,5
2407,30043,30016,150
2408,30043,30017,65
2409,30043,30018,29
2410,30043,30019,3
2411,30043,30020,149
2412,30043,30021,12
2413,30043,30022,64
2414,30043,30023,36
2415,30043,30024,7
2416,30043,30025,1
2417,30043,30028,3
2418,30043,30029,14
2419,30043,30030,12
2420,30043,30031,5
2421,30043,30032,1
2422,30043,30033,2
2423,30043,30034,7
2424,30043,30035,81
2425,30043,30036,16
2426,30043,30037,5
2427,30043,30038,26
2428,30043,30039,14
2429,30043,30040,53
2430,30043,30041,11
2431,30043,30042,39
2432,30043,30043,1322
2433,30043,30044,162
2434,30043,30045,13
2435,30043,30046,26
2436,30043,30047,4
2437,30043,30048,113
2438,30043,30049,38
2439,30043,30050,5
2440,30043,30051,4
2441,30043,30052,29
2442,30043,30053,26
2443,30043,30054,41
2444,30043,30055,32
2445,30043,30056,8
2446,30043,30057,1
2447,30043,30058,2
2448,30043,30060,27
2449,30043,30061,101
2450,30043,30062,5
2451,30043,30063,5
2452,30043,30064,40
2453,30044,30000,8
2454,30044,30002,1
2455,30044,30004,23
2456,30044,30005,1
2457,30044,30006,60
2458,30044,30007,6
2459,30044,30008,32
2460,30044,30009,5
2461,30044,30010,3
2462,30044,30011,4
2463,30044,30012,4
2464,30044,30013,31
2465,30044,30014,1
2466,30044,30015,2
2467,30044,30016,66
2468,30044,30017,60
2469,30044,30018,16
2470,30044,30020,140
2471,30044,30021,9
2472,30044,30022,39
2473,30044,30023,3
2474,30044,30025,1
2475,30044,30026,1
2476,30044,30027,8
2477,30044,30028,1
2478,30044,30029,13
2479,30044,30030,1
2480,30044,30033,1
2481,30044,30035,47
2482,30044,30036,5
2483,30044,30037,2
2484,30044,30038,5
2485,30044,30039,1
2486,30044,30040,13
2487,30044,30042,28
2488,30044,30043,204
2489,30044,30044,376
2490,30044,30045,1
2491,30044,30046,10
2492,30044,30048,57
2493,30044,30049,12
2494,30044,30050,14
2495,30044,30051,3
2496,30044,30052,11
2497,30044,30053,10
2498,30044,30054,9
2499,30044,30055,19
2500,30044,30056,6
2501,30044,30060,11
2502,30044,30061,64
2503,30044,30062,2
2504,30044,30063,1
2505,30044,30064,20
2506,30045,30000,13
2507,30045,30001,155
2508,30045,30002,46
2509,30045,30004,1
2510,30045,30005,1
2511,30045,30006,5
2512,30045,30007,3
2513,30045,30008,16
2514,30045,30009,33
2515,30045,30011,25
2516,30045,30012,1
2517,30045,30013,8
2518,30045,30014,148
2519,30045,30015,20
2520,30045,30016,8
2521,30045,30017,5
2522,30045,30018,5
2523,30045,30019,8
2524,30045,30020,4
2525,30045,30021,23
2526,30045,30022,4
2527,30045,30023,4
2528,30045,30024,19
2529,30045,30025,15
2530,30045,30026,6
2531,30045,30027,56
2532,30045,30028,11
2533,30045,30029,17
2534,30045,30030,16
2535,30045,30031,21
2536,30045,30032,4
2537,30045,30033,6
2538,30045,30034,30
2539,30045,30035,2
2540,30045,30036,4
2541,30045,30037,21
2542,30045,30038,28
2543,30045,30039,7
2544,30045,30040,3
2545,30045,30041,4
2546,30045,30042,7
2547,30045,30043,19
2548,30045,30044,1
2549,30045,30045,167
2550,30045,30046,38
2551,30045,30047,6
2552,30045,30048,2
2553,30045,30049,6
2554,30045,30050,5
2555,30045,30051,31
2556,30045,30053,2
2557,30045,30054,2
2558,30045,30055,14
2559,30045,30056,2
2560,30045,30057,4
2561,30045,30058,5
2562,30045,30060,3
2563,30045,30063,9
2564,30045,30064,6
2565,30046,30000,338
2566,30046,30001,27
2567,30046,30002,4
2568,30046,30004,55
2569,30046,30005,76
2570,30046,30006,183
2571,30046,30007,80
2572,30046,30008,22
2573,30046,30009,93
2574,30046,30010,21
2575,30046,30011,234
2576,30046,30012,14
2577,30046,30013,19
2578,30046,30014,18
2579,30046,30015,80
2580,30046,30016,53
2581,30046,30017,7
2582,30046,30018,12
2583,30046,30019,26
2584,30046,30020,9
2585,30046,30021,56
2586,30046,30022,10
2587,30046,30023,4
2588,30046,30024,34
2589,30046,30025,30
2590,30046,30026,3
2591,30046,30027,71
2592,30046,30028,19
2593,30046,30029,80
2594,30046,30030,168
2595,30046,30031,58
2596,30046,30032,13
2597,30046,30033,11
2598,30046,30034,11
2599,30046,30035,42
2600,30046,30036,95
2601,30046,30037,23
2602,30046,30038,27
2603,30046,30039,94
2604,30046,30040,92
2605,30046,30041,21
2606,30046,30042,195
2607,30046,30043,31
2608,30046,30044,7
2609,30046,30045,48
2610,30046,30046,539
2611,30046,30047,108
2612,30046,30048,12
2613,30046,30049,18
2614,30046,30050,118
2615,30046,30051,50
2616,30046,30052,42
2617,30046,30053,34
2618,30046,30054,3
2619,30046,30055,117
2620,30046,30056,35
2621,30046,30057,14
2622,30046,30058,8
2623,30046,30060,6
2624,30046,30061,3
2625,30046,30062,1
2626,30046,30063,12
2627,30046,30064,7
2628,30047,30000,200
2629,30047,30001,3
2630,30047,30003,4
2631,30047,30004,18
2632,30047,30005,67
2633,30047,30006,59
2634,30047,30007,29
2635,30047,30008,6
2636,30047,30009,161
2637,30047,30010,13
2638,30047,30011,206
2639,30047,30012,11
2640,30047,30013,5
2641,30047,30014,6
2642,30047,30015,23
2643,30047,30016,19
2644,30047,30017,2
2645,30047,30018,9
2646,30047,30019,2
2647,30047,30020,5
2648,30047,30021,65
2649,30047,30022,6
2650,30047,30023,1
2651,30047,30024,47
2652,30047,30025,38
2653,30047,30026,12
2654,30047,30027,86
2655,30047,30028,80
2656,30047,30029,74
2657,30047,30030,132
2658,30047,30031,33
2659,30047,30032,17
2660,30047,30034,26
2661,30047,30035,29
2662,30047,30036,62
2663,30047,30037,14
2664,30047,30038,5
2665,30047,30039,18
2666,30047,30040,31
2667,30047,30041,9
2668,30047,30042,95
2669,30047,30043,10
2670,30047,30044,6
2671,30047,30045,9
2672,30047,30046,136
2673,30047,30047,257
2674,30047,30048,6
2675,30047,30049,5
2676,30047,30050,82
2677,30047,30051,92
2678,30047,30052,16
2679,30047,30053,16
2680,30047,30055,36
2681,30047,30056,38
2682,30047,30057,12
2683,30047,30058,11
2684,30047,30060,8
2685,30047,30061,3
2686,30047,30062,1
2687,30047,30063,5
2688,30047,30064,1
2689,30048,30000,5
2690,30048,30002,5
2691,30048,30004,33
2692,30048,30005,15
2693,30048,30006,143
2694,30048,30007,87
2695,30048,30008,10
2696,30048,30009,3
2697,30048,30010,37
2698,30048,30011,20
2699,30048,30012,2
2700,30048,30013,33
2701,30048,30014,4
2702,30048,30015,5
2703,30048,30016,78
2704,30048,30017,44
2705,30048,30018,17
2706,30048,30019,1
2707,30048,30020,151
2708,30048,30021,6
2709,30048,30022,30
2710,30048,30025,2
2711,30048,30027,8
2712,30048,30028,7
2713,30048,30029,58
2714,30048,30030,8
2715,30048,30035,74
2716,30048,30036,11
2717,30048,30037,1
2718,30048,30038,4
2719,30048,30039,6
2720,30048,30040,15
2721,30048,30041,15
2722,30048,30042,77
2723,30048,30043,128
2724,30048,30044,85
2725,30048,30045,3
2726,30048,30046,8
2727,30048,30047,19
2728,30048,30048,209
2729,30048,30049,6
2730,30048,30050,7
2731,30048,30051,4
2732,30048,30052,9
2733,30048,30053,13
2734,30048,30054,4
2735,30048,30055,28
2736,30048,30056,15
2737,30048,30058,3
2738,30048,30060,23
2739,30048,30061,68
2740,30048,30062,3
2741,30048,30063,3
2742,30048,30064,13
2743,30049,30000,3
2744,30049,30001,5
2745,30049,30004,15
2746,30049,30005,2
2747,30049,30006,68
2748,30049,30007,8
2749,30049,30008,3
2750,30049,30009,1
2751,30049,30010,4
2752,30049,30011,3
2753,30049,30012,16
2754,30049,30013,28
2755,30049,30014,3
2756,30049,30015,10
2757,30049,30016,11
2758,30049,30017,123
2759,30049,30018,47
2760,30049,30020,21
2761,30049,30021,7
2762,30049,30022,24
2763,30049,30023,2
2764,30049,30024,1
2765,30049,30025,13
2766,30049,30028,3
2767,30049,30029,14
2768,30049,30031,1
2769,30049,30033,3
2770,30049,30034,1
2771,30049,30035,17
2772,30049,30036,28
2773,30049,30037,3
2774,30049,30038,6
2775,30049,30039,4
2776,30049,30040,46
2777,30049,30041,3
2778,30049,30042,126
2779,30049,30043,33
2780,30049,30044,20
2781,30049,30045,1
2782,30049,30046,6
2783,30049,30047,9
2784,30049,30048,2
2785,30049,30049,51
2786,30049,30050,38
2787,30049,30051,3
2788,30049,30052,33
2789,30049,30053,1
2790,30049,30054,1
2791,30049,30055,15
2792,30049,30056,7
2793,30049,30060,33
2794,30049,30061,14
2795,30049,30062,2
2796,30049,30063,67
2797,30049,30064,34
2798,30050,30000,86
2799,30050,30001,21
2800,30050,30002,1
2801,30050,30003,1
2802,30050,30004,89
2803,30050,30005,65
2804,30050,30006,56
2805,30050,30007,13
2806,30050,30008,47
2807,30050,30009,42
2808,30050,30010,15
2809,30050,30011,65
2810,30050,30012,14
2811,30050,30013,8
2812,30050,30014,1
2813,30050,30015,19
2814,30050,30016,12
2815,30050,30017,3
2816,30050,30018,7
2817,30050,30019,5
2818,30050,30020,19
2819,30050,30021,56
2820,30050,30022,6
2821,30050,30023,2
2822,30050,30024,4
2823,30050,30025,10
2824,30050,30027,6
2825,30050,30028,56
2826,30050,30029,57
2827,30050,30030,205
2828,30050,30031,8
2829,30050,30032,1
2830,30050,30034,11
2831,30050,30035,16
2832,30050,30036,33
2833,30050,30037,6
2834,30050,30038,11
2835,30050,30039,4
2836,30050,30040,43
2837,30050,30041,5
2838,30050,30042,117
2839,30050,30043,14
2840,30050,30044,9
2841,30050,30045,3
2842,30050,30046,161
2843,30050,30047,91
2844,30050,30048,6
2845,30050,30049,20
2846,30050,30050,167
2847,30050,30051,53
2848,30050,30052,23
2849,30050,30053,14
2850,30050,30055,32
2851,30050,30056,25
2852,30050,30057,5
2853,30050,30059,1
2854,30050,30060,2
2855,30050,30061,1
2856,30050,30062,2
2857,30050,30063,5
2858,30050,30064,4
2859,30051,30000,42
2860,30051,30001,4
2861,30051,30003,3
2862,30051,30004,28
2863,30051,30005,23
2864,30051,30006,40
2865,30051,30007,46
2866,30051,30008,8
2867,30051,30009,6
2868,30051,30010,2
2869,30051,30011,38
2870,30051,30012,9
2871,30051,30013,12
2872,30051,30014,4
2873,30051,30015,19
2874,30051,30016,24
2875,30051,30017,7
2876,30051,30018,3
2877,30051,30019,2
2878,30051,30020,6
2879,30051,30021,7
2880,30051,30022,2
2881,30051,30024,3
2882,30051,30025,6
2883,30051,30027,8
2884,30051,30028,9
2885,30051,30029,60
2886,30051,30030,47
2887,30051,30031,11
2888,30051,30033,9
2889,30051,30034,1
2890,30051,30035,9
2891,30051,30036,17
2892,30051,30037,2
2893,30051,30038,4
2894,30051,30039,43
2895,30051,30040,20
2896,30051,30041,8
2897,30051,30042,77
2898,30051,30043,8
2899,30051,30044,4
2900,30051,30045,30
2901,30051,30046,61
2902,30051,30047,77
2903,30051,30048,8
2904,30051,30049,9
2905,30051,30050,45
2906,30051,30051,111
2907,30051,30052,10
2908,30051,30053,14
2909,30051,30055,44
2910,30051,30056,20
2911,30051,30058,3
2912,30051,30060,7
2913,30051,30061,2
2914,30051,30062,1
2915,30051,30063,14
2916,30051,30064,4
2917,30052,30000,42
2918,30052,30001,5
2919,30052,30002,2
2920,30052,30004,77
2921,30052,30005,14
2922,30052,30006,93
2923,30052,30007,15
2924,30052,30008,4
2925,30052,30009,12
2926,30052,30010,13
2927,30052,30011,22
2928,30052,30012,34
2929,30052,30013,21
2930,30052,30014,2
2931,30052,30015,15
2932,30052,30016,33
2933,30052,30017,22
2934,30052,30018,13
2935,30052,30019,11
2936,30052,30020,30
2937,30052,30021,29
2938,30052,30022,15
2939,30052,30024,2
2940,30052,30025,4
2941,30052,30027,9
2942,30052,30028,6
2943,30052,30029,34
2944,30052,30030,45
2945,30052,30031,1
2946,30052,30033,1
2947,30052,30034,3
2948,30052,30035,69
2949,30052,30036,57
2950,30052,30037,3
2951,30052,30038,2
2952,30052,30039,13
2953,30052,30040,19
2954,30052,30041,1
2955,30052,30042,155
2956,30052,30043,33
2957,30052,30044,11
2958,30052,30046,31
2959,30052,30047,14
2960,30052,30048,9
2961,30052,30049,36
2962,30052,30050,23
2963,30052,30051,16
2964,30052,30052,160
2965,30052,30053,14
2966,30052,30055,69
2967,30052,30056,8
2968,30052,30060,25
2969,30052,30061,3
2970,30052,30062,2
2971,30052,30063,6
2972,30052,30064,14
2973,30053,30000,33
2974,30053,30001,1
2975,30053,30002,1
2976,30053,30003,2
2977,30053,30004,11
2978,30053,30005,48
2979,30053,30006,33
2980,30053,30008,6
2981,30053,30009,1
2982,30053,30010,20
2983,30053,30011,82
2984,30053,30013,8
2985,30053,30014,1
2986,30053,30015,5
2987,30053,30016,24
2988,30053,30017,11
2989,30053,30018,4
2990,30053,30019,9
2991,30053,30020,13
2992,30053,30021,41
2993,30053,30022,3
2994,30053,30026,1
2995,30053,30028,7
2996,30053,30029,10
2997,30053,30030,25
2998,30053,30032,1
2999,30053,30034,6
3000,30053,30035,10
3001,30053,30036,15
3002,30053,30039,11
3003,30053,30040,12
3004,30053,30042,29
3005,30053,30043,17
3006,30053,30044,5
3007,30053,30046,27
3008,30053,30047,24
3009,30053,30048,7
3010,30053,30050,10
3011,30053,30051,17
3012,30053,30052,12
3013,30053,30053,45
3014,30053,30054,2
3015,30053,30055,39
3016,30053,30056,43
3017,30053,30058,2
3018,30053,30059,1
3019,30053,30060,4
3020,30053,30061,4
3021,30053,30062,6
3022,30053,30063,2
3023,30053,30064,3
3024,30054,30000,3
3025,30054,30001,4
3026,30054,30005,23
3027,30054,30006,12
3028,30054,30007,1
3029,30054,30008,27
3030,30054,30011,2
3031,30054,30013,13
3032,30054,30015,2
3033,30054,30016,3
3034,30054,30017,8
3035,30054,30018,22
3036,30054,30020,3
3037,30054,30022,6
3038,30054,30023,14
3039,30054,30024,1
3040,30054,30030,2
3041,30054,30033,7
3042,30054,30035,1
3043,30054,30036,1
3044,30054,30037,1
3045,30054,30038,2
3046,30054,30039,3
3047,30054,30041,19
3048,30054,30042,7
3049,30054,30043,44
3050,30054,30044,7
3051,30054,30046,4
3052,30054,30047,12
3053,30054,30048,8
3054,30054,30049,1
3055,30054,30052,1
3056,30054,30054,42
3057,30054,30056,1
3058,30054,30058,1
3059,30054,30060,2
3060,30054,30061,23
3061,30054,30064,19
3062,30055,30000,149
3063,30055,30001,7
3064,30055,30002,1
3065,30055,30003,2
3066,30055,30004,61
3067,30055,30005,80
3068,30055,30006,77
3069,30055,30007,23
3070,30055,30008,8
3071,30055,30009,46
3072,30055,30010,44
3073,30055,30011,196
3074,30055,30012,13
3075,30055,30013,28
3076,30055,30014,5
3077,30055,30015,29
3078,30055,30016,44
3079,30055,30017,76
3080,30055,30018,6
3081,30055,30019,2
3082,30055,30020,36
3083,30055,30021,56
3084,30055,30022,17
3085,30055,30023,1
3086,30055,30024,7
3087,30055,30025,4
3088,30055,30026,5
3089,30055,30027,9
3090,30055,30028,37
3091,30055,30029,59
3092,30055,30030,98
3093,30055,30031,11
3094,30055,30032,2
3095,30055,30033,3
3096,30055,30034,3
3097,30055,30035,52
3098,30055,30036,33
3099,30055,30037,13
3100,30055,30038,5
3101,30055,30039,83
3102,30055,30040,49
3103,30055,30041,3
3104,30055,30042,107
3105,30055,30043,33
3106,30055,30044,20
3107,30055,30045,18
3108,30055,30046,113
3109,30055,30047,90
3110,30055,30048,30
3111,30055,30049,14
3112,30055,30050,50
3113,30055,30051,41
3114,30055,30052,60
3115,30055,30053,36
3116,30055,30055,161
3117,30055,30056,56
3118,30055,30057,4
3119,30055,30058,1
3120,30055,30059,1
3121,30055,30060,22
3122,30055,30061,21
3123,30055,30062,7
3124,30055,30063,9
3125,30055,30064,5
3126,30056,30000,40
3127,30056,30001,1
3128,30056,30003,22
3129,30056,30004,61
3130,30056,30005,29
3131,30056,30006,73
3132,30056,30007,4
3133,30056,30008,3
3134,30056,30009,10
3135,30056,30010,8
3136,30056,30011,109
3137,30056,30012,2
3138,30056,30013,6
3139,30056,30015,2
3140,30056,30016,9
3141,30056,30018,1
3142,30056,30019,4
3143,30056,30020,4
3144,30056,30021,53
3145,30056,30022,2
3146,30056,30024,2
3147,30056,30025,2
3148,30056,30026,1
3149,30056,30027,2
3150,30056,30028,7
3151,30056,30029,25
3152,30056,30030,11
3153,30056,30031,10
3154,30056,30032,2
3155,30056,30034,35
3156,30056,30035,19
3157,30056,30036,13
3158,30056,30039,7
3159,30056,30040,7
3160,30056,30041,1
3161,30056,30042,88
3162,30056,30043,10
3163,30056,30044,4
3164,30056,30045,2
3165,30056,30046,47
3166,30056,30047,23
3167,30056,30048,7
3168,30056,30049,5
3169,30056,30050,18
3170,30056,30051,7
3171,30056,30052,5
3172,30056,30053,55
3173,30056,30055,63
3174,30056,30056,126
3175,30056,30057,2
3176,30056,30058,1
3177,30056,30059,4
3178,30056,30060,7
3179,30056,30061,1
3180,30056,30062,6
3181,30056,30063,1
3182,30056,30064,2
3183,30057,30000,4
3184,30057,30002,1
3185,30057,30004,1
3186,30057,30005,2
3187,30057,30006,3
3188,30057,30008,5
3189,30057,30009,96
3190,30057,30011,21
3191,30057,30014,3
3192,30057,30015,8
3193,30057,30016,2
3194,30057,30017,2
3195,30057,30018,1
3196,30057,30019,46
3197,30057,30022,1
3198,30057,30024,80
3199,30057,30025,69
3200,30057,30026,22
3201,30057,30027,75
3202,30057,30029,1
3203,30057,30030,2
3204,30057,30031,31
3205,30057,30032,25
3206,30057,30034,20
3207,30057,30035,4
3208,30057,30036,4
3209,30057,30037,1
3210,30057,30039,3
3211,30057,30040,3
3212,30057,30042,1
3213,30057,30043,4
3214,30057,30045,3
3215,30057,30046,11
3216,30057,30047,9
3217,30057,30049,1
3218,30057,30051,3
3219,30057,30053,1
3220,30057,30056,1
3221,30057,30057,49
3222,30057,30058,28
3223,30057,30060,1
3224,30058,30000,17
3225,30058,30001,10
3226,30058,30002,4
3227,30058,30005,8
3228,30058,30006,2
3229,30058,30007,5
3230,30058,30008,5
3231,30058,30009,82
3232,30058,30011,3
3233,30058,30013,2
3234,30058,30014,10
3235,30058,30015,63
3236,30058,30016,2
3237,30058,30018,5
3238,30058,30019,187
3239,30058,30020,5
3240,30058,30021,2
3241,30058,30024,64
3242,30058,30025,66
3243,30058,30026,45
3244,30058,30027,222
3245,30058,30028,2
3246,30058,30029,1
3247,30058,30030,7
3248,30058,30031,41
3249,30058,30032,23
3250,30058,30033,1
3251,30058,30034,57
3252,30058,30035,4
3253,30058,30036,2
3254,30058,30037,6
3255,30058,30038,5
3256,30058,30039,3
3257,30058,30040,8
3258,30058,30042,8
3259,30058,30043,3
3260,30058,30045,8
3261,30058,30046,11
3262,30058,30047,8
3263,30058,30050,5
3264,30058,30051,19
3265,30058,30052,5
3266,30058,30054,1
3267,30058,30055,6
3268,30058,30057,25
3269,30058,30058,91
3270,30058,30060,1
3271,30058,30061,2
3272,30058,30063,2
3273,30059,30003,47
3274,30059,30004,3
3275,30059,30006,19
3276,30059,30011,2
3277,30059,30012,1
3278,30059,30016,9
3279,30059,30017,1
3280,30059,30020,1
3281,30059,30029,1
3282,30059,30035,2
3283,30059,30036,1
3284,30059,30037,1
3285,30059,30040,17
3286,30059,30042,2
3287,30059,30050,1
3288,30059,30053,4
3289,30059,30056,6
3290,30059,30059,10
3291,30059,30060,1
3292,30059,30062,41
3293,30060,30000,9
3294,30060,30001,1
3295,30060,30002,2
3296,30060,30004,17
3297,30060,30005,13
3298,30060,30006,38
3299,30060,30007,40
3300,30060,30008,15
3301,30060,30009,3
3302,30060,30010,5
3303,30060,30011,8
3304,30060,30012,3
3305,30060,30013,32
3306,30060,30014,5
3307,30060,30015,38
3308,30060,30016,21
3309,30060,30017,51
3310,30060,30018,21
3311,30060,30020,17
3312,30060,30021,16
3313,30060,30022,12
3314,30060,30023,5
3315,30060,30026,9
3316,30060,30027,3
3317,30060,30029,16
3318,30060,30030,6
3319,30060,30031,2
3320,30060,30032,1
3321,30060,30033,3
3322,30060,30035,33
3323,30060,30036,33
3324,30060,30037,4
3325,30060,30038,11
3326,30060,30039,4
3327,30060,30040,21
3328,30060,30041,41
3329,30060,30042,122
3330,30060,30043,36
3331,30060,30044,29
3332,30060,30045,1
3333,30060,30046,8
3334,30060,30047,4
3335,30060,30048,5
3336,30060,30049,72
3337,30060,30050,5
3338,30060,30051,11
3339,30060,30052,32
3340,30060,30053,1
3341,30060,30054,1
3342,30060,30055,25
3343,30060,30056,6
3344,30060,30058,2
3345,30060,30060,74
3346,30060,30061,15
3347,30060,30062,1
3348,30060,30064,39
3349,30061,30000,4
3350,30061,30001,1
3351,30061,30002,1
3352,30061,30004,29
3353,30061,30005,3
3354,30061,30006,26
3355,30061,30007,2
3356,30061,30008,7
3357,30061,30009,3
3358,30061,30010,4
3359,30061,30011,3
3360,30061,30012,7
3361,30061,30013,36
3362,30061,30015,5
3363,30061,30016,45
3364,30061,30017,55
3365,30061,30018,9
3366,30061,30020,26
3367,30061,30021,11
3368,30061,30022,15
3369,30061,30027,1
3370,30061,30029,1
3371,30061,30030,1
3372,30061,30033,2
3373,30061,30034,1
3374,30061,30035,28
3375,30061,30036,13
3376,30061,30037,1
3377,30061,30038,3
3378,30061,30040,3
3379,30061,30041,1
3380,30061,30042,28
3381,30061,30043,84
3382,30061,30044,63
3383,30061,30046,4
3384,30061,30048,96
3385,30061,30049,7
3386,30061,30051,2
3387,30061,30052,6
3388,30061,30054,28
3389,30061,30055,37
3390,30061,30056,1
3391,30061,30060,3
3392,30061,30061,141
3393,30061,30062,5
3394,30061,30063,1
3395,30061,30064,7
3396,30062,30001,1
3397,30062,30003,8
3398,30062,30004,18
3399,30062,30005,6
3400,30062,30006,14
3401,30062,30007,3
3402,30062,30009,3
3403,30062,30010,14
3404,30062,30011,3
3405,30062,30016,24
3406,30062,30017,3
3407,30062,30020,4
3408,30062,30021,7
3409,30062,30028,1
3410,30062,30029,3
3411,30062,30035,10
3412,30062,30037,1
3413,30062,30039,11
3414,30062,30040,2
3415,30062,30042,30
3416,30062,30043,7
3417,30062,30044,4
3418,30062,30046,2
3419,30062,30047,3
3420,30062,30048,2
3421,30062,30049,1
3422,30062,30050,6
3423,30062,30052,3
3424,30062,30053,17
3425,30062,30055,6
3426,30062,30056,5
3427,30062,30059,40
3428,30062,30060,1
3429,30062,30061,3
3430,30062,30062,23
3431,30062,30064,3
3432,30063,30000,9
3433,30063,30001,3
3434,30063,30004,2
3435,30063,30005,2
3436,30063,30006,9
3437,30063,30007,48
3438,30063,30008,3
3439,30063,30009,2
3440,30063,30011,3
3441,30063,30013,1
3442,30063,30014,1
3443,30063,30015,3
3444,30063,30016,2
3445,30063,30017,36
3446,30063,30018,1
3447,30063,30019,1
3448,30063,30020,2
3449,30063,30021,4
3450,30063,30022,1
3451,30063,30023,3
3452,30063,30024,1
3453,30063,30025,4
3454,30063,30026,2
3455,30063,30028,1
3456,30063,30029,10
3457,30063,30030,3
3458,30063,30031,2
3459,30063,30032,10
3460,30063,30033,24
3461,30063,30034,5
3462,30063,30035,5
3463,30063,30036,7
3464,30063,30037,9
3465,30063,30038,1
3466,30063,30039,44
3467,30063,30040,18
3468,30063,30041,12
3469,30063,30042,25
3470,30063,30043,8
3471,30063,30044,2
3472,30063,30045,3
3473,30063,30046,11
3474,30063,30047,2
3475,30063,30049,39
3476,30063,30050,4
3477,30063,30051,5
3478,30063,30052,4
3479,30063,30053,4
3480,30063,30055,15
3481,30063,30056,3
3482,30063,30057,1
3483,30063,30058,1
3484,30063,30060,3
3485,30063,30063,64
3486,30064,30000,3
3487,30064,30001,3
3488,30064,30002,2
3489,30064,30004,1
3490,30064,30005,3
3491,30064,30006,24
3492,30064,30007,1
3493,30064,30008,41
3494,30064,30009,2
3495,30064,30010,1
3496,30064,30012,1
3497,30064,30013,16
3498,30064,30015,1
3499,30064,30016,8
3500,30064,30017,6
3501,30064,30018,53
3502,30064,30019,4
3503,30064,30020,29
3504,30064,30021,1
3505,30064,30022,23
3506,30064,30023,5
3507,30064,30027,3
3508,30064,30028,2
3509,30064,30029,5
3510,30064,30033,8
3511,30064,30034,3
3512,30064,30035,1
3513,30064,30036,8
3514,30064,30037,3
3515,30064,30038,6
3516,30064,30040,10
3517,30064,30041,4
3518,30064,30042,14
3519,30064,30043,44
3520,30064,30044,9
3521,30064,30045,8
3522,30064,30046,5
3523,30064,30047,2
3524,30064,30048,6
3525,30064,30049,35
3526,30064,30050,7
3527,30064,30051,2
3528,30064,30052,15
3529,30064,30054,25
3530,30064,30055,6
3531,30064,30060,13
3532,30064,30061,1
3533,30064,30062,1
3534,30064,30063,2
3535,30064,30064,39
